DATE,DEXUSEU
04/01/1999,1.1812
05/01/1999,1.176
06/01/1999,1.1636
07/01/1999,1.1672
08/01/1999,1.1554
11/01/1999,1.1534
12/01/1999,1.1548
13/01/1999,1.1698
14/01/1999,1.1689
15/01/1999,1.1591
19/01/1999,1.161
20/01/1999,1.1575
21/01/1999,1.1577
22/01/1999,1.1582
25/01/1999,1.1566
26/01/1999,1.1577
27/01/1999,1.1481
28/01/1999,1.1395
29/01/1999,1.1371
01/02/1999,1.1303
02/02/1999,1.1328
03/02/1999,1.1339
04/02/1999,1.1306
05/02/1999,1.1283
08/02/1999,1.1296
09/02/1999,1.13
10/02/1999,1.1331
11/02/1999,1.1303
12/02/1999,1.1282
16/02/1999,1.1189
17/02/1999,1.123
18/02/1999,1.1223
19/02/1999,1.1075
22/02/1999,1.1037
23/02/1999,1.0993
24/02/1999,1.0972
25/02/1999,1.1068
26/02/1999,1.0995
01/03/1999,1.0891
02/03/1999,1.0931
03/03/1999,1.0888
04/03/1999,1.0824
05/03/1999,1.0843
08/03/1999,1.0899
09/03/1999,1.0873
10/03/1999,1.0961
11/03/1999,1.0932
12/03/1999,1.0936
15/03/1999,1.093
16/03/1999,1.0915
17/03/1999,1.1015
18/03/1999,1.099
19/03/1999,1.0923
22/03/1999,1.0915
23/03/1999,1.0918
24/03/1999,1.0921
25/03/1999,1.0871
26/03/1999,1.0743
29/03/1999,1.0716
30/03/1999,1.0732
31/03/1999,1.0808
01/04/1999,1.0782
02/04/1999,1.0782
05/04/1999,1.0706
06/04/1999,1.0838
07/04/1999,1.0784
08/04/1999,1.0835
09/04/1999,1.0786
12/04/1999,1.0842
13/04/1999,1.078
14/04/1999,1.0779
15/04/1999,1.0717
16/04/1999,1.0688
19/04/1999,1.0608
20/04/1999,1.063
21/04/1999,1.0612
22/04/1999,1.0598
23/04/1999,1.0634
26/04/1999,1.059
27/04/1999,1.0649
28/04/1999,1.0616
29/04/1999,1.0591
30/04/1999,1.0564
03/05/1999,1.0571
04/05/1999,1.0593
05/05/1999,1.0724
06/05/1999,1.0779
07/05/1999,1.0781
10/05/1999,1.0787
11/05/1999,1.072
12/05/1999,1.0666
13/05/1999,1.0626
14/05/1999,1.065
17/05/1999,1.0672
18/05/1999,1.0672
19/05/1999,1.0641
20/05/1999,1.063
21/05/1999,1.0577
24/05/1999,1.0593
25/05/1999,1.0587
26/05/1999,1.0471
27/05/1999,1.0439
28/05/1999,1.0422
01/06/1999,1.0449
02/06/1999,1.0357
03/06/1999,1.0355
04/06/1999,1.0327
07/06/1999,1.0296
08/06/1999,1.0438
09/06/1999,1.045
10/06/1999,1.0477
11/06/1999,1.0516
14/06/1999,1.0416
15/06/1999,1.042
16/06/1999,1.0298
17/06/1999,1.0329
18/06/1999,1.0368
21/06/1999,1.0323
22/06/1999,1.0323
23/06/1999,1.0316
24/06/1999,1.0372
25/06/1999,1.0448
28/06/1999,1.0373
29/06/1999,1.0337
30/06/1999,1.031
01/07/1999,1.0236
02/07/1999,1.0244
06/07/1999,1.0249
07/07/1999,1.0224
08/07/1999,1.0198
09/07/1999,1.0186
12/07/1999,1.0139
13/07/1999,1.0176
14/07/1999,1.0215
15/07/1999,1.022
16/07/1999,1.0203
19/07/1999,1.0203
20/07/1999,1.042
21/07/1999,1.0526
22/07/1999,1.0509
23/07/1999,1.0497
26/07/1999,1.0651
27/07/1999,1.0627
28/07/1999,1.0644
29/07/1999,1.0719
30/07/1999,1.0694
02/08/1999,1.0661
03/08/1999,1.068
04/08/1999,1.0766
05/08/1999,1.0793
06/08/1999,1.077
09/08/1999,1.0694
10/08/1999,1.0752
11/08/1999,1.066
12/08/1999,1.0636
13/08/1999,1.0568
16/08/1999,1.0557
17/08/1999,1.0525
18/08/1999,1.0505
19/08/1999,1.0643
20/08/1999,1.0654
23/08/1999,1.0553
24/08/1999,1.0506
25/08/1999,1.0461
26/08/1999,1.0441
27/08/1999,1.046
30/08/1999,1.0445
31/08/1999,1.0581
01/09/1999,1.0582
02/09/1999,1.0689
03/09/1999,1.0605
07/09/1999,1.0581
08/09/1999,1.059
09/09/1999,1.0543
10/09/1999,1.0402
13/09/1999,1.04
14/09/1999,1.0408
15/09/1999,1.0385
16/09/1999,1.0418
17/09/1999,1.0399
20/09/1999,1.0408
21/09/1999,1.046
22/09/1999,1.05
23/09/1999,1.0415
24/09/1999,1.0466
27/09/1999,1.0431
28/09/1999,1.0509
29/09/1999,1.0613
30/09/1999,1.0643
01/10/1999,1.0718
04/10/1999,1.0703
05/10/1999,1.0693
06/10/1999,1.0704
07/10/1999,1.0721
08/10/1999,1.063
12/10/1999,1.0737
13/10/1999,1.0758
14/10/1999,1.0799
15/10/1999,1.0887
18/10/1999,1.0863
19/10/1999,1.0833
20/10/1999,1.0765
21/10/1999,1.0808
22/10/1999,1.0678
25/10/1999,1.0666
26/10/1999,1.0578
27/10/1999,1.0532
28/10/1999,1.0519
29/10/1999,1.0518
01/11/1999,1.0494
02/11/1999,1.0506
03/11/1999,1.0485
04/11/1999,1.044
05/11/1999,1.04
08/11/1999,1.0363
09/11/1999,1.0401
10/11/1999,1.0436
12/11/1999,1.0315
15/11/1999,1.0315
16/11/1999,1.0312
17/11/1999,1.0403
18/11/1999,1.0297
19/11/1999,1.0313
22/11/1999,1.0327
23/11/1999,1.0261
24/11/1999,1.0176
26/11/1999,1.0137
29/11/1999,1.01
30/11/1999,1.0077
01/12/1999,1.0059
02/12/1999,1.0023
03/12/1999,1.0016
06/12/1999,1.0252
07/12/1999,1.0222
08/12/1999,1.0263
09/12/1999,1.0161
10/12/1999,1.0158
13/12/1999,1.012
14/12/1999,1.0067
15/12/1999,1.0066
16/12/1999,1.0169
17/12/1999,1.0088
20/12/1999,1.0066
21/12/1999,1.0093
22/12/1999,1.008
23/12/1999,1.0162
24/12/1999,1.0128
27/12/1999,1.0136
28/12/1999,1.0068
29/12/1999,1.0045
30/12/1999,1.0024
31/12/1999,1.007
03/01/2000,1.0155
04/01/2000,1.0309
05/01/2000,1.0335
06/01/2000,1.0324
07/01/2000,1.0294
10/01/2000,1.0252
11/01/2000,1.0322
12/01/2000,1.0281
13/01/2000,1.027
14/01/2000,1.0128
18/01/2000,1.0121
19/01/2000,1.0115
20/01/2000,1.0133
21/01/2000,1.01
24/01/2000,1.0019
25/01/2000,1.0041
26/01/2000,1.0011
27/01/2000,0.989
28/01/2000,0.9765
31/01/2000,0.9757
01/02/2000,0.9731
02/02/2000,0.9768
03/02/2000,0.9887
04/02/2000,0.976
07/02/2000,0.9783
08/02/2000,0.9862
09/02/2000,0.9914
10/02/2000,0.9865
11/02/2000,0.9847
14/02/2000,0.9783
15/02/2000,0.9834
16/02/2000,0.9842
17/02/2000,0.9863
18/02/2000,0.985
22/02/2000,1.006
23/02/2000,1.0017
24/02/2000,0.9931
25/02/2000,0.9763
28/02/2000,0.9669
29/02/2000,0.9643
01/03/2000,0.97
02/03/2000,0.9619
03/03/2000,0.9618
06/03/2000,0.9603
07/03/2000,0.956
08/03/2000,0.9576
09/03/2000,0.9684
10/03/2000,0.9659
13/03/2000,0.9648
14/03/2000,0.9644
15/03/2000,0.9696
16/03/2000,0.971
17/03/2000,0.9694
20/03/2000,0.971
21/03/2000,0.9703
22/03/2000,0.9608
23/03/2000,0.9691
24/03/2000,0.9724
27/03/2000,0.9645
28/03/2000,0.9614
29/03/2000,0.9524
30/03/2000,0.9594
31/03/2000,0.9574
03/04/2000,0.956
04/04/2000,0.9588
05/04/2000,0.9647
06/04/2000,0.958
07/04/2000,0.959
10/04/2000,0.9588
11/04/2000,0.9591
12/04/2000,0.9551
13/04/2000,0.9524
14/04/2000,0.9564
17/04/2000,0.955
18/04/2000,0.9477
19/04/2000,0.9369
20/04/2000,0.9376
21/04/2000,0.9379
24/04/2000,0.9396
25/04/2000,0.9265
26/04/2000,0.9217
27/04/2000,0.9083
28/04/2000,0.9089
01/05/2000,0.912
02/05/2000,0.9068
03/05/2000,0.8891
04/05/2000,0.8907
05/05/2000,0.8953
08/05/2000,0.895
09/05/2000,0.9023
10/05/2000,0.9097
11/05/2000,0.9021
12/05/2000,0.908
15/05/2000,0.9138
16/05/2000,0.9053
17/05/2000,0.8921
18/05/2000,0.8952
19/05/2000,0.8946
22/05/2000,0.9036
23/05/2000,0.9032
24/05/2000,0.9096
25/05/2000,0.9072
26/05/2000,0.931
30/05/2000,0.9314
31/05/2000,0.9328
01/06/2000,0.9307
02/06/2000,0.9432
05/06/2000,0.9471
06/06/2000,0.957
07/06/2000,0.96
08/06/2000,0.9548
09/06/2000,0.9526
12/06/2000,0.9544
13/06/2000,0.9619
14/06/2000,0.959
15/06/2000,0.953
16/06/2000,0.9648
19/06/2000,0.9622
20/06/2000,0.9557
21/06/2000,0.9455
22/06/2000,0.9398
23/06/2000,0.9358
26/06/2000,0.9382
27/06/2000,0.9444
28/06/2000,0.9444
29/06/2000,0.9515
30/06/2000,0.9545
03/07/2000,0.9526
05/07/2000,0.9548
06/07/2000,0.9527
07/07/2000,0.9484
10/07/2000,0.9521
11/07/2000,0.9497
12/07/2000,0.9401
13/07/2000,0.9339
14/07/2000,0.9374
17/07/2000,0.9351
18/07/2000,0.9322
19/07/2000,0.9237
20/07/2000,0.9292
21/07/2000,0.9343
24/07/2000,0.9314
25/07/2000,0.9391
26/07/2000,0.9413
27/07/2000,0.9331
28/07/2000,0.9246
31/07/2000,0.9266
01/08/2000,0.9228
02/08/2000,0.9137
03/08/2000,0.9042
04/08/2000,0.9075
07/08/2000,0.9105
08/08/2000,0.9019
09/08/2000,0.8991
10/08/2000,0.9077
11/08/2000,0.9046
14/08/2000,0.9037
15/08/2000,0.9135
16/08/2000,0.9143
17/08/2000,0.9152
18/08/2000,0.9068
21/08/2000,0.9027
22/08/2000,0.8965
23/08/2000,0.8967
24/08/2000,0.9028
25/08/2000,0.9024
28/08/2000,0.9002
29/08/2000,0.8966
30/08/2000,0.8924
31/08/2000,0.8878
01/09/2000,0.8993
05/09/2000,0.8876
06/09/2000,0.8702
07/09/2000,0.874
08/09/2000,0.8664
11/09/2000,0.8624
12/09/2000,0.8596
13/09/2000,0.864
14/09/2000,0.8617
15/09/2000,0.8572
18/09/2000,0.8523
19/09/2000,0.8514
20/09/2000,0.8462
21/09/2000,0.8558
22/09/2000,0.8793
25/09/2000,0.8738
26/09/2000,0.8815
27/09/2000,0.8805
28/09/2000,0.8826
29/09/2000,0.8837
02/10/2000,0.8806
03/10/2000,0.8741
04/10/2000,0.8726
05/10/2000,0.8685
06/10/2000,0.868
10/10/2000,0.8682
11/10/2000,0.8715
12/10/2000,0.8644
13/10/2000,0.8568
16/10/2000,0.8489
17/10/2000,0.8507
18/10/2000,0.8391
19/10/2000,0.8406
20/10/2000,0.84
23/10/2000,0.8364
24/10/2000,0.8364
25/10/2000,0.827
26/10/2000,0.8271
27/10/2000,0.8406
30/10/2000,0.8432
31/10/2000,0.8486
01/11/2000,0.8584
02/11/2000,0.8594
03/11/2000,0.8614
06/11/2000,0.8584
07/11/2000,0.8583
08/11/2000,0.8559
09/11/2000,0.8574
10/11/2000,0.8625
13/11/2000,0.8607
14/11/2000,0.8573
15/11/2000,0.857
16/11/2000,0.8532
17/11/2000,0.8516
20/11/2000,0.8486
21/11/2000,0.8458
22/11/2000,0.8423
24/11/2000,0.8382
27/11/2000,0.85
28/11/2000,0.8547
29/11/2000,0.8577
30/11/2000,0.8694
01/12/2000,0.8765
04/12/2000,0.8875
05/12/2000,0.8804
06/12/2000,0.8877
07/12/2000,0.8891
08/12/2000,0.8838
11/12/2000,0.8771
12/12/2000,0.8775
13/12/2000,0.8755
14/12/2000,0.8858
15/12/2000,0.8981
18/12/2000,0.8929
19/12/2000,0.8902
20/12/2000,0.9058
21/12/2000,0.9112
22/12/2000,0.923
26/12/2000,0.9292
27/12/2000,0.9304
28/12/2000,0.9257
29/12/2000,0.9388
02/01/2001,0.9465
03/01/2001,0.9473
04/01/2001,0.9448
05/01/2001,0.9535
08/01/2001,0.9486
09/01/2001,0.9397
10/01/2001,0.9387
11/01/2001,0.952
12/01/2001,0.9486
16/01/2001,0.9374
17/01/2001,0.9306
18/01/2001,0.9446
19/01/2001,0.9363
22/01/2001,0.9374
23/01/2001,0.9389
24/01/2001,0.9258
25/01/2001,0.9219
26/01/2001,0.9213
29/01/2001,0.9181
30/01/2001,0.9264
31/01/2001,0.9308
01/02/2001,0.9384
02/02/2001,0.9357
05/02/2001,0.9395
06/02/2001,0.9304
07/02/2001,0.9331
08/02/2001,0.9184
09/02/2001,0.9267
12/02/2001,0.9287
13/02/2001,0.9204
14/02/2001,0.9197
15/02/2001,0.9057
16/02/2001,0.9162
20/02/2001,0.9096
21/02/2001,0.9077
22/02/2001,0.9069
23/02/2001,0.9095
26/02/2001,0.9093
27/02/2001,0.9128
28/02/2001,0.9212
01/03/2001,0.9291
02/03/2001,0.934
05/03/2001,0.9289
06/03/2001,0.9313
07/03/2001,0.9274
08/03/2001,0.9281
09/03/2001,0.9315
12/03/2001,0.93
13/03/2001,0.9148
14/03/2001,0.9133
15/03/2001,0.9046
16/03/2001,0.8929
19/03/2001,0.8985
20/03/2001,0.9054
21/03/2001,0.897
22/03/2001,0.8881
23/03/2001,0.8926
26/03/2001,0.8955
27/03/2001,0.891
28/03/2001,0.8882
29/03/2001,0.8807
30/03/2001,0.8794
02/04/2001,0.8824
03/04/2001,0.893
04/04/2001,0.9013
05/04/2001,0.8976
06/04/2001,0.9002
09/04/2001,0.9014
10/04/2001,0.8884
11/04/2001,0.8856
12/04/2001,0.8922
13/04/2001,0.8888
16/04/2001,0.8862
17/04/2001,0.8814
18/04/2001,0.8816
19/04/2001,0.8909
20/04/2001,0.9032
23/04/2001,0.896
24/04/2001,0.8946
25/04/2001,0.8972
26/04/2001,0.9011
27/04/2001,0.8924
30/04/2001,0.8874
01/05/2001,0.8937
02/05/2001,0.8925
03/05/2001,0.8891
04/05/2001,0.8934
07/05/2001,0.8916
08/05/2001,0.8848
09/05/2001,0.8845
10/05/2001,0.8792
11/05/2001,0.8759
14/05/2001,0.8748
15/05/2001,0.8788
16/05/2001,0.8842
17/05/2001,0.8828
18/05/2001,0.8774
21/05/2001,0.8762
22/05/2001,0.8657
23/05/2001,0.8598
24/05/2001,0.857
25/05/2001,0.8577
29/05/2001,0.8547
30/05/2001,0.8576
31/05/2001,0.8455
01/06/2001,0.8452
04/06/2001,0.8449
05/06/2001,0.8504
06/06/2001,0.8452
07/06/2001,0.8506
08/06/2001,0.8505
11/06/2001,0.8425
12/06/2001,0.8479
13/06/2001,0.8536
14/06/2001,0.8598
15/06/2001,0.8628
18/06/2001,0.861
19/06/2001,0.8558
20/06/2001,0.8506
21/06/2001,0.8544
22/06/2001,0.857
25/06/2001,0.8611
26/06/2001,0.8623
27/06/2001,0.8621
28/06/2001,0.847
29/06/2001,0.8474
02/07/2001,0.8455
03/07/2001,0.8477
05/07/2001,0.837
06/07/2001,0.8465
09/07/2001,0.8474
10/07/2001,0.8557
11/07/2001,0.8614
12/07/2001,0.853
13/07/2001,0.8527
16/07/2001,0.8549
17/07/2001,0.8549
18/07/2001,0.8701
19/07/2001,0.869
20/07/2001,0.8713
23/07/2001,0.8676
24/07/2001,0.8752
25/07/2001,0.8797
26/07/2001,0.8765
27/07/2001,0.8749
30/07/2001,0.875
31/07/2001,0.8752
01/08/2001,0.8793
02/08/2001,0.8813
03/08/2001,0.8843
06/08/2001,0.8802
07/08/2001,0.8775
08/08/2001,0.8778
09/08/2001,0.8886
10/08/2001,0.894
13/08/2001,0.8983
14/08/2001,0.9025
15/08/2001,0.9114
16/08/2001,0.9138
17/08/2001,0.9165
20/08/2001,0.9127
21/08/2001,0.9115
22/08/2001,0.9194
23/08/2001,0.9166
24/08/2001,0.9116
27/08/2001,0.9098
28/08/2001,0.9102
29/08/2001,0.9097
30/08/2001,0.9154
31/08/2001,0.909
04/09/2001,0.8868
05/09/2001,0.8897
06/09/2001,0.8943
07/09/2001,0.9044
10/09/2001,0.8988
12/09/2001,0.9069
13/09/2001,0.9089
14/09/2001,0.9199
17/09/2001,0.9198
18/09/2001,0.9233
19/09/2001,0.931
20/09/2001,0.9255
21/09/2001,0.9099
24/09/2001,0.9135
25/09/2001,0.9222
26/09/2001,0.9231
27/09/2001,0.9181
28/09/2001,0.9099
01/10/2001,0.9159
02/10/2001,0.9149
03/10/2001,0.9181
04/10/2001,0.9141
05/10/2001,0.9168
09/10/2001,0.915
10/10/2001,0.9118
11/10/2001,0.9008
12/10/2001,0.9078
15/10/2001,0.9077
16/10/2001,0.9094
17/10/2001,0.9065
18/10/2001,0.9025
19/10/2001,0.8987
22/10/2001,0.8906
23/10/2001,0.8893
24/10/2001,0.8925
25/10/2001,0.8965
26/10/2001,0.8921
29/10/2001,0.9037
30/10/2001,0.906
31/10/2001,0.8993
01/11/2001,0.9044
02/11/2001,0.9037
05/11/2001,0.8963
06/11/2001,0.8975
07/11/2001,0.8999
08/11/2001,0.891
09/11/2001,0.8935
13/11/2001,0.8811
14/11/2001,0.8829
15/11/2001,0.8813
16/11/2001,0.8849
19/11/2001,0.8781
20/11/2001,0.8832
21/11/2001,0.8781
23/11/2001,0.877
26/11/2001,0.8811
27/11/2001,0.8812
28/11/2001,0.8863
29/11/2001,0.8879
30/11/2001,0.8958
03/12/2001,0.8897
04/12/2001,0.8898
05/12/2001,0.8856
06/12/2001,0.8916
07/12/2001,0.8905
10/12/2001,0.8884
11/12/2001,0.8904
12/12/2001,0.8945
13/12/2001,0.8976
14/12/2001,0.9044
17/12/2001,0.904
18/12/2001,0.9019
19/12/2001,0.8997
20/12/2001,0.8972
21/12/2001,0.8864
24/12/2001,0.8773
26/12/2001,0.8778
27/12/2001,0.8843
28/12/2001,0.8822
31/12/2001,0.8901
02/01/2002,0.9031
03/01/2002,0.8992
04/01/2002,0.8946
07/01/2002,0.8931
08/01/2002,0.8925
09/01/2002,0.8882
10/01/2002,0.8925
11/01/2002,0.8905
14/01/2002,0.8935
15/01/2002,0.8913
16/01/2002,0.8834
17/01/2002,0.88
18/01/2002,0.8844
22/01/2002,0.8838
23/01/2002,0.8836
24/01/2002,0.8782
25/01/2002,0.8655
28/01/2002,0.8605
29/01/2002,0.8643
30/01/2002,0.8648
31/01/2002,0.8594
01/02/2002,0.8613
04/02/2002,0.8685
05/02/2002,0.8672
06/02/2002,0.8693
07/02/2002,0.869
08/02/2002,0.8727
11/02/2002,0.8778
12/02/2002,0.8768
13/02/2002,0.873
14/02/2002,0.8713
15/02/2002,0.873
19/02/2002,0.8764
20/02/2002,0.8705
21/02/2002,0.8712
22/02/2002,0.8757
25/02/2002,0.8713
26/02/2002,0.8682
27/02/2002,0.8642
28/02/2002,0.8658
01/03/2002,0.8652
04/03/2002,0.8705
05/03/2002,0.8699
06/03/2002,0.8772
07/03/2002,0.8795
08/03/2002,0.8752
11/03/2002,0.8768
12/03/2002,0.8759
13/03/2002,0.877
14/03/2002,0.8816
15/03/2002,0.8823
18/03/2002,0.8826
19/03/2002,0.8805
20/03/2002,0.8836
21/03/2002,0.8836
22/03/2002,0.8791
25/03/2002,0.8768
26/03/2002,0.8767
27/03/2002,0.8726
28/03/2002,0.8711
29/03/2002,0.8717
01/04/2002,0.8806
02/04/2002,0.8782
03/04/2002,0.8804
04/04/2002,0.8779
05/04/2002,0.8805
08/04/2002,0.875
09/04/2002,0.8793
10/04/2002,0.8794
11/04/2002,0.8829
12/04/2002,0.8792
15/04/2002,0.8802
16/04/2002,0.883
17/04/2002,0.8885
18/04/2002,0.8898
19/04/2002,0.8893
22/04/2002,0.8877
23/04/2002,0.8897
24/04/2002,0.8915
25/04/2002,0.8978
26/04/2002,0.898
29/04/2002,0.9028
30/04/2002,0.9002
01/05/2002,0.9062
02/05/2002,0.9032
03/05/2002,0.9133
06/05/2002,0.9166
07/05/2002,0.9148
08/05/2002,0.904
09/05/2002,0.9088
10/05/2002,0.9116
13/05/2002,0.9107
14/05/2002,0.9022
15/05/2002,0.9074
16/05/2002,0.9105
17/05/2002,0.9206
20/05/2002,0.9213
21/05/2002,0.9191
22/05/2002,0.9265
23/05/2002,0.9233
24/05/2002,0.922
28/05/2002,0.9285
29/05/2002,0.9313
30/05/2002,0.9373
31/05/2002,0.9339
03/06/2002,0.939
04/06/2002,0.9424
05/06/2002,0.9391
06/06/2002,0.9457
07/06/2002,0.9449
10/06/2002,0.9446
11/06/2002,0.9445
12/06/2002,0.9473
13/06/2002,0.944
14/06/2002,0.9448
17/06/2002,0.9442
18/06/2002,0.9483
19/06/2002,0.9544
20/06/2002,0.9646
21/06/2002,0.9705
24/06/2002,0.9786
25/06/2002,0.9692
26/06/2002,0.9825
27/06/2002,0.9885
28/06/2002,0.9856
01/07/2002,0.9893
02/07/2002,0.984
03/07/2002,0.9816
05/07/2002,0.973
08/07/2002,0.9869
09/07/2002,0.9938
10/07/2002,0.989
11/07/2002,0.9927
12/07/2002,0.9904
15/07/2002,1.0072
16/07/2002,1.0087
17/07/2002,1.0078
18/07/2002,1.0067
19/07/2002,1.0156
22/07/2002,1.0098
23/07/2002,0.9933
24/07/2002,0.9945
25/07/2002,0.9997
26/07/2002,0.9882
29/07/2002,0.9779
30/07/2002,0.9879
31/07/2002,0.9796
01/08/2002,0.9843
02/08/2002,0.9882
05/08/2002,0.9846
06/08/2002,0.964
07/08/2002,0.9738
08/08/2002,0.9653
09/08/2002,0.9714
12/08/2002,0.9778
13/08/2002,0.9787
14/08/2002,0.9867
15/08/2002,0.9816
16/08/2002,0.9836
19/08/2002,0.9775
20/08/2002,0.9779
21/08/2002,0.9796
22/08/2002,0.9697
23/08/2002,0.9726
26/08/2002,0.9731
27/08/2002,0.9814
28/08/2002,0.982
29/08/2002,0.9829
30/08/2002,0.9806
03/09/2002,0.9959
04/09/2002,0.9923
05/09/2002,0.9911
06/09/2002,0.9843
09/09/2002,0.9817
10/09/2002,0.9752
11/09/2002,0.9724
12/09/2002,0.9761
13/09/2002,0.9743
16/09/2002,0.9723
17/09/2002,0.9685
18/09/2002,0.9789
19/09/2002,0.9817
20/09/2002,0.9839
23/09/2002,0.9822
24/09/2002,0.9815
25/09/2002,0.9797
26/09/2002,0.9755
27/09/2002,0.9772
30/09/2002,0.9879
01/10/2002,0.9859
02/10/2002,0.9842
03/10/2002,0.9871
04/10/2002,0.9821
07/10/2002,0.9816
08/10/2002,0.9796
09/10/2002,0.9868
10/10/2002,0.9861
11/10/2002,0.9854
15/10/2002,0.981
16/10/2002,0.9824
17/10/2002,0.9718
18/10/2002,0.9708
21/10/2002,0.9732
22/10/2002,0.9782
23/10/2002,0.9772
24/10/2002,0.9742
25/10/2002,0.9767
28/10/2002,0.9843
29/10/2002,0.9851
30/10/2002,0.9835
31/10/2002,0.9881
01/11/2002,0.9971
04/11/2002,0.9953
05/11/2002,0.9994
06/11/2002,0.9974
07/11/2002,1.0092
08/11/2002,1.0139
12/11/2002,1.0105
13/11/2002,1.006
14/11/2002,1.0034
15/11/2002,1.0082
18/11/2002,1.0083
19/11/2002,1.0107
20/11/2002,1.0024
21/11/2002,0.9984
22/11/2002,0.9966
25/11/2002,0.9937
26/11/2002,0.9913
27/11/2002,0.9895
29/11/2002,0.9932
02/12/2002,0.9927
03/12/2002,0.9968
04/12/2002,0.9999
05/12/2002,0.9989
06/12/2002,1.0081
09/12/2002,1.0088
10/12/2002,1.0073
11/12/2002,1.0083
12/12/2002,1.0189
13/12/2002,1.0226
16/12/2002,1.021
17/12/2002,1.0267
18/12/2002,1.0254
19/12/2002,1.0217
20/12/2002,1.0268
23/12/2002,1.0217
24/12/2002,1.0305
26/12/2002,1.0358
27/12/2002,1.0411
30/12/2002,1.046
31/12/2002,1.0485
02/01/2003,1.0361
03/01/2003,1.0418
06/01/2003,1.0469
07/01/2003,1.0419
08/01/2003,1.0447
09/01/2003,1.0467
10/01/2003,1.0535
13/01/2003,1.0535
14/01/2003,1.0571
15/01/2003,1.0576
16/01/2003,1.0569
17/01/2003,1.066
21/01/2003,1.0677
22/01/2003,1.0729
23/01/2003,1.0767
24/01/2003,1.0825
27/01/2003,1.0838
28/01/2003,1.0833
29/01/2003,1.0861
30/01/2003,1.0776
31/01/2003,1.0739
03/02/2003,1.0761
04/02/2003,1.0875
05/02/2003,1.0842
06/02/2003,1.0828
07/02/2003,1.0801
10/02/2003,1.074
11/02/2003,1.0747
12/02/2003,1.0716
13/02/2003,1.0834
14/02/2003,1.0799
18/02/2003,1.0708
19/02/2003,1.0744
20/02/2003,1.0821
21/02/2003,1.0787
24/02/2003,1.0783
25/02/2003,1.0782
26/02/2003,1.0797
27/02/2003,1.0763
28/02/2003,1.0779
03/03/2003,1.0835
04/03/2003,1.0883
05/03/2003,1.0967
06/03/2003,1.0997
07/03/2003,1.1014
10/03/2003,1.1062
11/03/2003,1.1028
12/03/2003,1.1023
13/03/2003,1.087
14/03/2003,1.0725
17/03/2003,1.0606
18/03/2003,1.0624
19/03/2003,1.059
20/03/2003,1.0613
21/03/2003,1.0545
24/03/2003,1.0644
25/03/2003,1.0673
26/03/2003,1.0677
27/03/2003,1.0708
28/03/2003,1.0762
31/03/2003,1.09
01/04/2003,1.0904
02/04/2003,1.0765
03/04/2003,1.0736
04/04/2003,1.0711
07/04/2003,1.0621
08/04/2003,1.0684
09/04/2003,1.0722
10/04/2003,1.0803
11/04/2003,1.0751
14/04/2003,1.0773
15/04/2003,1.0801
16/04/2003,1.0872
17/04/2003,1.0907
18/04/2003,1.0882
21/04/2003,1.0857
22/04/2003,1.0966
23/04/2003,1.0949
24/04/2003,1.1039
25/04/2003,1.104
28/04/2003,1.0999
29/04/2003,1.101
30/04/2003,1.118
01/05/2003,1.1238
02/05/2003,1.12
05/05/2003,1.1271
06/05/2003,1.1354
07/05/2003,1.134
08/05/2003,1.1453
09/05/2003,1.1498
12/05/2003,1.1557
13/05/2003,1.1499
14/05/2003,1.1498
15/05/2003,1.1457
16/05/2003,1.1542
19/05/2003,1.1686
20/05/2003,1.1685
21/05/2003,1.1707
22/05/2003,1.17
23/05/2003,1.1786
27/05/2003,1.1853
28/05/2003,1.1742
29/05/2003,1.1835
30/05/2003,1.1766
02/06/2003,1.1744
03/06/2003,1.1702
04/06/2003,1.1708
05/06/2003,1.187
06/06/2003,1.1695
09/06/2003,1.1743
10/06/2003,1.1686
11/06/2003,1.1764
12/06/2003,1.1767
13/06/2003,1.183
16/06/2003,1.1843
17/06/2003,1.1812
18/06/2003,1.171
19/06/2003,1.1678
20/06/2003,1.1616
23/06/2003,1.1548
24/06/2003,1.1498
25/06/2003,1.1592
26/06/2003,1.1429
27/06/2003,1.1423
30/06/2003,1.1502
01/07/2003,1.158
02/07/2003,1.1524
03/07/2003,1.1503
07/07/2003,1.1341
08/07/2003,1.1265
09/07/2003,1.1311
10/07/2003,1.139
11/07/2003,1.1304
14/07/2003,1.1298
15/07/2003,1.1233
16/07/2003,1.1209
17/07/2003,1.1164
18/07/2003,1.1239
21/07/2003,1.1346
22/07/2003,1.1325
23/07/2003,1.1484
24/07/2003,1.1441
25/07/2003,1.1513
28/07/2003,1.1497
29/07/2003,1.1466
30/07/2003,1.1367
31/07/2003,1.1231
01/08/2003,1.1252
04/08/2003,1.1337
05/08/2003,1.1349
06/08/2003,1.1357
07/08/2003,1.139
08/08/2003,1.1321
11/08/2003,1.1349
12/08/2003,1.1304
13/08/2003,1.1317
14/08/2003,1.1249
15/08/2003,1.1255
18/08/2003,1.1138
19/08/2003,1.1117
20/08/2003,1.1104
21/08/2003,1.0976
22/08/2003,1.0871
25/08/2003,1.0892
26/08/2003,1.0893
27/08/2003,1.0906
28/08/2003,1.0896
29/08/2003,1.0986
02/09/2003,1.0872
03/09/2003,1.0845
04/09/2003,1.0899
05/09/2003,1.1073
08/09/2003,1.1124
09/09/2003,1.119
10/09/2003,1.1195
11/09/2003,1.1186
12/09/2003,1.1307
15/09/2003,1.1304
16/09/2003,1.1166
17/09/2003,1.1239
18/09/2003,1.124
19/09/2003,1.1346
22/09/2003,1.1468
23/09/2003,1.1487
24/09/2003,1.1472
25/09/2003,1.1484
26/09/2003,1.1482
29/09/2003,1.1578
30/09/2003,1.165
01/10/2003,1.1708
02/10/2003,1.1717
03/10/2003,1.1596
06/10/2003,1.1706
07/10/2003,1.1784
08/10/2003,1.1805
09/10/2003,1.1695
10/10/2003,1.1812
14/10/2003,1.1724
15/10/2003,1.1652
16/10/2003,1.1665
17/10/2003,1.163
20/10/2003,1.1671
21/10/2003,1.1676
22/10/2003,1.1805
23/10/2003,1.1795
24/10/2003,1.1833
27/10/2003,1.1762
28/10/2003,1.1689
29/10/2003,1.1673
30/10/2003,1.1694
31/10/2003,1.1609
03/11/2003,1.1454
04/11/2003,1.1497
05/11/2003,1.1473
06/11/2003,1.1417
07/11/2003,1.1505
10/11/2003,1.1515
12/11/2003,1.1647
13/11/2003,1.1711
14/11/2003,1.1743
17/11/2003,1.1744
18/11/2003,1.1893
19/11/2003,1.1909
20/11/2003,1.1895
21/11/2003,1.1913
24/11/2003,1.1768
25/11/2003,1.1785
26/11/2003,1.1918
28/11/2003,1.1995
01/12/2003,1.1956
02/12/2003,1.2084
03/12/2003,1.2093
04/12/2003,1.2077
05/12/2003,1.2157
08/12/2003,1.2217
09/12/2003,1.2229
10/12/2003,1.2215
11/12/2003,1.2164
12/12/2003,1.2284
15/12/2003,1.229
16/12/2003,1.2328
17/12/2003,1.2381
18/12/2003,1.2376
19/12/2003,1.238
22/12/2003,1.2415
23/12/2003,1.2406
24/12/2003,1.2464
26/12/2003,1.2441
29/12/2003,1.2485
30/12/2003,1.2521
31/12/2003,1.2597
02/01/2004,1.2592
05/01/2004,1.2679
06/01/2004,1.2773
07/01/2004,1.2665
08/01/2004,1.2772
09/01/2004,1.2853
12/01/2004,1.2802
13/01/2004,1.2735
14/01/2004,1.2726
15/01/2004,1.2588
16/01/2004,1.2395
20/01/2004,1.2584
21/01/2004,1.2617
22/01/2004,1.2717
23/01/2004,1.261
26/01/2004,1.2552
27/01/2004,1.2643
28/01/2004,1.262
29/01/2004,1.2389
30/01/2004,1.2452
02/02/2004,1.2426
03/02/2004,1.2561
04/02/2004,1.2552
05/02/2004,1.2606
06/02/2004,1.2694
09/02/2004,1.2672
10/02/2004,1.2727
11/02/2004,1.2815
12/02/2004,1.2807
13/02/2004,1.2751
17/02/2004,1.2848
18/02/2004,1.2812
19/02/2004,1.2685
20/02/2004,1.2563
23/02/2004,1.2569
24/02/2004,1.2692
25/02/2004,1.2503
26/02/2004,1.2444
27/02/2004,1.2441
01/03/2004,1.2431
02/03/2004,1.2212
03/03/2004,1.2088
04/03/2004,1.2225
05/03/2004,1.2401
08/03/2004,1.2371
09/03/2004,1.2428
10/03/2004,1.2226
11/03/2004,1.2268
12/03/2004,1.2191
15/03/2004,1.2243
16/03/2004,1.227
17/03/2004,1.2197
18/03/2004,1.2392
19/03/2004,1.2269
22/03/2004,1.2368
23/03/2004,1.2311
24/03/2004,1.2213
25/03/2004,1.217
26/03/2004,1.2092
29/03/2004,1.2141
30/03/2004,1.2202
31/03/2004,1.2292
01/04/2004,1.2358
02/04/2004,1.2109
05/04/2004,1.2008
06/04/2004,1.2089
07/04/2004,1.2171
08/04/2004,1.2088
09/04/2004,1.2102
12/04/2004,1.2068
13/04/2004,1.1923
14/04/2004,1.194
15/04/2004,1.1914
16/04/2004,1.2025
19/04/2004,1.2019
20/04/2004,1.191
21/04/2004,1.1853
22/04/2004,1.1861
23/04/2004,1.1802
26/04/2004,1.1851
27/04/2004,1.1927
28/04/2004,1.183
29/04/2004,1.1945
30/04/2004,1.1975
03/05/2004,1.1937
04/05/2004,1.2076
05/05/2004,1.2165
06/05/2004,1.209
07/05/2004,1.1885
10/05/2004,1.1834
11/05/2004,1.1818
12/05/2004,1.1911
13/05/2004,1.1801
14/05/2004,1.1874
17/05/2004,1.2009
18/05/2004,1.1971
19/05/2004,1.2015
20/05/2004,1.1926
21/05/2004,1.2009
24/05/2004,1.1978
25/05/2004,1.2107
26/05/2004,1.2102
27/05/2004,1.2274
28/05/2004,1.2217
01/06/2004,1.221
02/06/2004,1.225
03/06/2004,1.2205
04/06/2004,1.2258
07/06/2004,1.232
08/06/2004,1.2273
09/06/2004,1.2097
10/06/2004,1.211
11/06/2004,1.2011
14/06/2004,1.2073
15/06/2004,1.2139
16/06/2004,1.2006
17/06/2004,1.204
18/06/2004,1.2118
21/06/2004,1.211
22/06/2004,1.2092
23/06/2004,1.209
24/06/2004,1.217
25/06/2004,1.2145
28/06/2004,1.2193
29/06/2004,1.2124
30/06/2004,1.2179
01/07/2004,1.2158
02/07/2004,1.2307
06/07/2004,1.229
07/07/2004,1.2384
08/07/2004,1.239
09/07/2004,1.2388
12/07/2004,1.2409
13/07/2004,1.2302
14/07/2004,1.2385
15/07/2004,1.2373
16/07/2004,1.2437
19/07/2004,1.2431
20/07/2004,1.2377
21/07/2004,1.2224
22/07/2004,1.2273
23/07/2004,1.2122
26/07/2004,1.2135
27/07/2004,1.2056
28/07/2004,1.2046
29/07/2004,1.207
30/07/2004,1.2032
02/08/2004,1.2034
03/08/2004,1.2051
04/08/2004,1.2057
05/08/2004,1.205
06/08/2004,1.2272
09/08/2004,1.2261
10/08/2004,1.2306
11/08/2004,1.2222
12/08/2004,1.2224
13/08/2004,1.2354
16/08/2004,1.2333
17/08/2004,1.2329
18/08/2004,1.2299
19/08/2004,1.2368
20/08/2004,1.2324
23/08/2004,1.2196
24/08/2004,1.2099
25/08/2004,1.209
26/08/2004,1.2084
27/08/2004,1.2025
30/08/2004,1.2049
31/08/2004,1.2183
01/09/2004,1.2179
02/09/2004,1.2164
03/09/2004,1.2052
07/09/2004,1.2093
08/09/2004,1.2164
09/09/2004,1.2189
10/09/2004,1.2282
13/09/2004,1.2251
14/09/2004,1.2268
15/09/2004,1.2144
16/09/2004,1.2154
17/09/2004,1.2174
20/09/2004,1.2172
21/09/2004,1.2264
22/09/2004,1.2261
23/09/2004,1.2298
24/09/2004,1.2256
27/09/2004,1.2307
28/09/2004,1.2306
29/09/2004,1.2308
30/09/2004,1.2417
01/10/2004,1.24
04/10/2004,1.2274
05/10/2004,1.2316
06/10/2004,1.2298
07/10/2004,1.2286
08/10/2004,1.2418
12/10/2004,1.232
13/10/2004,1.2271
14/10/2004,1.2393
15/10/2004,1.2478
18/10/2004,1.252
19/10/2004,1.2515
20/10/2004,1.2627
21/10/2004,1.2622
22/10/2004,1.2639
25/10/2004,1.2783
26/10/2004,1.2758
27/10/2004,1.2725
28/10/2004,1.2759
29/10/2004,1.2746
01/11/2004,1.2741
02/11/2004,1.2703
03/11/2004,1.2787
04/11/2004,1.2883
05/11/2004,1.2938
08/11/2004,1.2936
09/11/2004,1.293
10/11/2004,1.2925
12/11/2004,1.2973
15/11/2004,1.2944
16/11/2004,1.2979
17/11/2004,1.3031
18/11/2004,1.2982
19/11/2004,1.3059
22/11/2004,1.3048
23/11/2004,1.309
24/11/2004,1.3162
26/11/2004,1.3288
29/11/2004,1.3286
30/11/2004,1.3259
01/12/2004,1.3308
02/12/2004,1.3268
03/12/2004,1.339
06/12/2004,1.3431
07/12/2004,1.3437
08/12/2004,1.3252
09/12/2004,1.3274
10/12/2004,1.3224
13/12/2004,1.3309
14/12/2004,1.328
15/12/2004,1.3429
16/12/2004,1.3287
17/12/2004,1.3295
20/12/2004,1.3396
21/12/2004,1.3377
22/12/2004,1.339
23/12/2004,1.3491
24/12/2004,1.3536
27/12/2004,1.3625
28/12/2004,1.3621
29/12/2004,1.3568
30/12/2004,1.3623
31/12/2004,1.3538
03/01/2005,1.3476
04/01/2005,1.3295
05/01/2005,1.3292
06/01/2005,1.3187
07/01/2005,1.3062
10/01/2005,1.3109
11/01/2005,1.3161
12/01/2005,1.3281
13/01/2005,1.3207
14/01/2005,1.3106
18/01/2005,1.3043
19/01/2005,1.3036
20/01/2005,1.2959
21/01/2005,1.3049
24/01/2005,1.3041
25/01/2005,1.2954
26/01/2005,1.3081
27/01/2005,1.3032
28/01/2005,1.3033
31/01/2005,1.3049
01/02/2005,1.3017
02/02/2005,1.3015
03/02/2005,1.2959
04/02/2005,1.2927
07/02/2005,1.2773
08/02/2005,1.2783
09/02/2005,1.2797
10/02/2005,1.2882
11/02/2005,1.2864
14/02/2005,1.2981
15/02/2005,1.2986
16/02/2005,1.2994
17/02/2005,1.3083
18/02/2005,1.3075
22/02/2005,1.323
23/02/2005,1.3208
24/02/2005,1.3205
25/02/2005,1.3195
28/02/2005,1.3274
01/03/2005,1.3189
02/03/2005,1.3127
03/03/2005,1.313
04/03/2005,1.3244
07/03/2005,1.3203
08/03/2005,1.3342
09/03/2005,1.3384
10/03/2005,1.3409
11/03/2005,1.3465
14/03/2005,1.3346
15/03/2005,1.3315
16/03/2005,1.3423
17/03/2005,1.3373
18/03/2005,1.3311
21/03/2005,1.3165
22/03/2005,1.321
23/03/2005,1.3005
24/03/2005,1.2957
25/03/2005,1.2954
28/03/2005,1.2877
29/03/2005,1.2913
30/03/2005,1.2944
31/03/2005,1.2969
01/04/2005,1.2896
04/04/2005,1.2838
05/04/2005,1.2842
06/04/2005,1.2868
07/04/2005,1.2906
08/04/2005,1.2912
11/04/2005,1.2972
12/04/2005,1.2873
13/04/2005,1.2918
14/04/2005,1.2819
15/04/2005,1.2928
18/04/2005,1.3037
19/04/2005,1.3034
20/04/2005,1.308
21/04/2005,1.3093
22/04/2005,1.3068
25/04/2005,1.2984
26/04/2005,1.2964
27/04/2005,1.2938
28/04/2005,1.2916
29/04/2005,1.2919
02/05/2005,1.2857
03/05/2005,1.2889
04/05/2005,1.2936
05/05/2005,1.2936
06/05/2005,1.2832
09/05/2005,1.2839
10/05/2005,1.2877
11/05/2005,1.2803
12/05/2005,1.2706
13/05/2005,1.2645
16/05/2005,1.263
17/05/2005,1.2644
18/05/2005,1.266
19/05/2005,1.2628
20/05/2005,1.2553
23/05/2005,1.2575
24/05/2005,1.2588
25/05/2005,1.2602
26/05/2005,1.2517
27/05/2005,1.2568
31/05/2005,1.2349
01/06/2005,1.2232
02/06/2005,1.2266
03/06/2005,1.2227
06/06/2005,1.2268
07/06/2005,1.2277
08/06/2005,1.232
09/06/2005,1.2216
10/06/2005,1.2127
13/06/2005,1.2035
14/06/2005,1.2038
15/06/2005,1.2106
16/06/2005,1.2089
17/06/2005,1.224
20/06/2005,1.214
21/06/2005,1.2134
22/06/2005,1.213
23/06/2005,1.2054
24/06/2005,1.2088
27/06/2005,1.2152
28/06/2005,1.2078
29/06/2005,1.2101
30/06/2005,1.2098
01/07/2005,1.1957
05/07/2005,1.1917
06/07/2005,1.1918
07/07/2005,1.1928
08/07/2005,1.1934
11/07/2005,1.2066
12/07/2005,1.22
13/07/2005,1.209
14/07/2005,1.2089
15/07/2005,1.2037
18/07/2005,1.2077
19/07/2005,1.2001
20/07/2005,1.2046
21/07/2005,1.2113
22/07/2005,1.2079
25/07/2005,1.2054
26/07/2005,1.2007
27/07/2005,1.2048
28/07/2005,1.2121
29/07/2005,1.2129
01/08/2005,1.2195
02/08/2005,1.2209
03/08/2005,1.2337
04/08/2005,1.2383
05/08/2005,1.2327
08/08/2005,1.2361
09/08/2005,1.2347
10/08/2005,1.2345
11/08/2005,1.2434
12/08/2005,1.2428
15/08/2005,1.2362
16/08/2005,1.2342
17/08/2005,1.229
18/08/2005,1.2178
19/08/2005,1.2147
22/08/2005,1.2235
23/08/2005,1.2213
24/08/2005,1.2239
25/08/2005,1.2311
26/08/2005,1.2324
29/08/2005,1.2248
30/08/2005,1.2204
31/08/2005,1.233
01/09/2005,1.2447
02/09/2005,1.2538
06/09/2005,1.2483
07/09/2005,1.2439
08/09/2005,1.24
09/09/2005,1.2433
12/09/2005,1.2288
13/09/2005,1.2263
14/09/2005,1.2282
15/09/2005,1.2216
16/09/2005,1.2214
19/09/2005,1.2153
20/09/2005,1.2177
21/09/2005,1.2208
22/09/2005,1.2153
23/09/2005,1.2077
26/09/2005,1.2036
27/09/2005,1.2011
28/09/2005,1.2016
29/09/2005,1.202
30/09/2005,1.2058
03/10/2005,1.1914
04/10/2005,1.1918
05/10/2005,1.1984
06/10/2005,1.2133
07/10/2005,1.2115
11/10/2005,1.2015
12/10/2005,1.204
13/10/2005,1.1938
14/10/2005,1.2073
17/10/2005,1.204
18/10/2005,1.1939
19/10/2005,1.1988
20/10/2005,1.1982
21/10/2005,1.1958
24/10/2005,1.1998
25/10/2005,1.2099
26/10/2005,1.2082
27/10/2005,1.2148
28/10/2005,1.2089
31/10/2005,1.1995
01/11/2005,1.1998
02/11/2005,1.2067
03/11/2005,1.1971
04/11/2005,1.1828
07/11/2005,1.1795
08/11/2005,1.1773
09/11/2005,1.1748
10/11/2005,1.174
14/11/2005,1.1667
15/11/2005,1.1695
16/11/2005,1.1672
17/11/2005,1.1706
18/11/2005,1.1741
21/11/2005,1.1734
22/11/2005,1.1737
23/11/2005,1.1799
25/11/2005,1.1724
28/11/2005,1.1804
29/11/2005,1.1786
30/11/2005,1.179
01/12/2005,1.1702
02/12/2005,1.1699
05/12/2005,1.1787
06/12/2005,1.1784
07/12/2005,1.1722
08/12/2005,1.183
09/12/2005,1.1824
12/12/2005,1.1969
13/12/2005,1.1926
14/12/2005,1.2041
15/12/2005,1.1965
16/12/2005,1.2012
19/12/2005,1.1996
20/12/2005,1.1848
21/12/2005,1.1816
22/12/2005,1.1883
23/12/2005,1.1857
27/12/2005,1.1856
28/12/2005,1.1875
29/12/2005,1.1846
30/12/2005,1.1842
03/01/2006,1.198
04/01/2006,1.2091
05/01/2006,1.2101
06/01/2006,1.2148
09/01/2006,1.2064
10/01/2006,1.2063
11/01/2006,1.2135
12/01/2006,1.2035
13/01/2006,1.2103
17/01/2006,1.2073
18/01/2006,1.2083
19/01/2006,1.211
20/01/2006,1.2101
23/01/2006,1.2276
24/01/2006,1.2287
25/01/2006,1.2252
26/01/2006,1.2229
27/01/2006,1.213
30/01/2006,1.2091
31/01/2006,1.2158
01/02/2006,1.2092
02/02/2006,1.21
03/02/2006,1.2021
06/02/2006,1.1971
07/02/2006,1.1974
08/02/2006,1.1935
09/02/2006,1.1963
10/02/2006,1.192
13/02/2006,1.1905
14/02/2006,1.1895
15/02/2006,1.1884
16/02/2006,1.1882
17/02/2006,1.1906
21/02/2006,1.1912
22/02/2006,1.1905
23/02/2006,1.1923
24/02/2006,1.1882
27/02/2006,1.186
28/02/2006,1.1925
01/03/2006,1.1899
02/03/2006,1.2003
03/03/2006,1.2028
06/03/2006,1.2002
07/03/2006,1.1888
08/03/2006,1.1914
09/03/2006,1.192
10/03/2006,1.1886
13/03/2006,1.1942
14/03/2006,1.2025
15/03/2006,1.2045
16/03/2006,1.2151
17/03/2006,1.2197
20/03/2006,1.2168
21/03/2006,1.2079
22/03/2006,1.2095
23/03/2006,1.1984
24/03/2006,1.2034
27/03/2006,1.2015
28/03/2006,1.2078
29/03/2006,1.203
30/03/2006,1.2132
31/03/2006,1.2139
03/04/2006,1.2124
04/04/2006,1.2258
05/04/2006,1.2272
06/04/2006,1.2216
07/04/2006,1.2109
10/04/2006,1.2091
11/04/2006,1.2125
12/04/2006,1.2107
13/04/2006,1.2107
14/04/2006,1.2106
17/04/2006,1.2267
18/04/2006,1.2274
19/04/2006,1.2345
20/04/2006,1.2326
21/04/2006,1.234
24/04/2006,1.2373
25/04/2006,1.2412
26/04/2006,1.2464
27/04/2006,1.2525
28/04/2006,1.2624
01/05/2006,1.2607
02/05/2006,1.2644
03/05/2006,1.2639
04/05/2006,1.2684
05/05/2006,1.2733
08/05/2006,1.272
09/05/2006,1.2747
10/05/2006,1.2799
11/05/2006,1.2855
12/05/2006,1.2888
15/05/2006,1.2826
16/05/2006,1.2817
17/05/2006,1.2722
18/05/2006,1.2795
19/05/2006,1.275
22/05/2006,1.285
23/05/2006,1.2844
24/05/2006,1.2747
25/05/2006,1.2777
26/05/2006,1.2739
30/05/2006,1.2868
31/05/2006,1.2833
01/06/2006,1.2824
02/06/2006,1.2912
05/06/2006,1.2953
06/06/2006,1.2828
07/06/2006,1.2799
08/06/2006,1.2648
09/06/2006,1.2636
12/06/2006,1.2587
13/06/2006,1.2574
14/06/2006,1.2631
15/06/2006,1.2616
16/06/2006,1.2623
19/06/2006,1.2577
20/06/2006,1.2568
21/06/2006,1.2665
22/06/2006,1.2582
23/06/2006,1.2522
26/06/2006,1.2554
27/06/2006,1.2589
28/06/2006,1.2532
29/06/2006,1.2534
30/06/2006,1.2779
03/07/2006,1.2793
05/07/2006,1.2726
06/07/2006,1.2757
07/07/2006,1.2822
10/07/2006,1.2751
11/07/2006,1.2754
12/07/2006,1.2706
13/07/2006,1.2673
14/07/2006,1.2641
17/07/2006,1.2529
18/07/2006,1.25
19/07/2006,1.256
20/07/2006,1.2639
21/07/2006,1.2684
24/07/2006,1.263
25/07/2006,1.2576
26/07/2006,1.2628
27/07/2006,1.2732
28/07/2006,1.2748
31/07/2006,1.2764
01/08/2006,1.2778
02/08/2006,1.2798
03/08/2006,1.2779
04/08/2006,1.2894
07/08/2006,1.2867
08/08/2006,1.2839
09/08/2006,1.2888
10/08/2006,1.2765
11/08/2006,1.2757
14/08/2006,1.2735
15/08/2006,1.2788
16/08/2006,1.2864
17/08/2006,1.287
18/08/2006,1.281
21/08/2006,1.2914
22/08/2006,1.2804
23/08/2006,1.2794
24/08/2006,1.276
25/08/2006,1.2767
28/08/2006,1.2784
29/08/2006,1.2768
30/08/2006,1.2825
31/08/2006,1.2793
01/09/2006,1.2833
05/09/2006,1.281
06/09/2006,1.2787
07/09/2006,1.2757
08/09/2006,1.2673
11/09/2006,1.2699
12/09/2006,1.2693
13/09/2006,1.2708
14/09/2006,1.2736
15/09/2006,1.2648
18/09/2006,1.2671
19/09/2006,1.2683
20/09/2006,1.2701
21/09/2006,1.273
22/09/2006,1.2796
25/09/2006,1.2747
26/09/2006,1.2687
27/09/2006,1.2699
28/09/2006,1.2697
29/09/2006,1.2687
02/10/2006,1.2744
03/10/2006,1.2727
04/10/2006,1.2687
05/10/2006,1.2687
06/10/2006,1.26
10/10/2006,1.2541
11/10/2006,1.2547
12/10/2006,1.2537
13/10/2006,1.2502
16/10/2006,1.2518
17/10/2006,1.2564
18/10/2006,1.2516
19/10/2006,1.2594
20/10/2006,1.2613
23/10/2006,1.2544
24/10/2006,1.2565
25/10/2006,1.2591
26/10/2006,1.2669
27/10/2006,1.2725
30/10/2006,1.2717
31/10/2006,1.2773
01/11/2006,1.2771
02/11/2006,1.278
03/11/2006,1.2705
06/11/2006,1.2715
07/11/2006,1.2806
08/11/2006,1.2775
09/11/2006,1.2835
10/11/2006,1.2861
13/11/2006,1.281
14/11/2006,1.2812
15/11/2006,1.2808
16/11/2006,1.2808
17/11/2006,1.2823
20/11/2006,1.281
21/11/2006,1.2824
22/11/2006,1.2928
24/11/2006,1.3081
27/11/2006,1.312
28/11/2006,1.3162
29/11/2006,1.3146
30/11/2006,1.3261
01/12/2006,1.3316
04/12/2006,1.3327
05/12/2006,1.3327
06/12/2006,1.3307
07/12/2006,1.3296
08/12/2006,1.3215
11/12/2006,1.3223
12/12/2006,1.3233
13/12/2006,1.3215
14/12/2006,1.3174
15/12/2006,1.3095
18/12/2006,1.3073
19/12/2006,1.3194
20/12/2006,1.3183
21/12/2006,1.3175
22/12/2006,1.3131
26/12/2006,1.3132
27/12/2006,1.3125
28/12/2006,1.3158
29/12/2006,1.3197
02/01/2007,1.3286
03/01/2007,1.3169
04/01/2007,1.3094
05/01/2007,1.3005
08/01/2007,1.3023
09/01/2007,1.2995
10/01/2007,1.294
11/01/2007,1.2904
12/01/2007,1.2926
16/01/2007,1.2918
17/01/2007,1.2948
18/01/2007,1.2942
19/01/2007,1.2968
22/01/2007,1.2957
23/01/2007,1.3025
24/01/2007,1.2964
25/01/2007,1.298
26/01/2007,1.2909
29/01/2007,1.2948
30/01/2007,1.2954
31/01/2007,1.2998
01/02/2007,1.3021
02/02/2007,1.296
05/02/2007,1.2933
06/02/2007,1.2969
07/02/2007,1.302
08/02/2007,1.3034
09/02/2007,1.3005
12/02/2007,1.2962
13/02/2007,1.3024
14/02/2007,1.3126
15/02/2007,1.314
16/02/2007,1.3137
20/02/2007,1.3134
21/02/2007,1.3126
22/02/2007,1.3134
23/02/2007,1.3164
26/02/2007,1.3159
27/02/2007,1.3246
28/02/2007,1.323
01/03/2007,1.3173
02/03/2007,1.3182
05/03/2007,1.3094
06/03/2007,1.3108
07/03/2007,1.3148
08/03/2007,1.3129
09/03/2007,1.3118
12/03/2007,1.3186
13/03/2007,1.3199
14/03/2007,1.3227
15/03/2007,1.3249
16/03/2007,1.3307
19/03/2007,1.3299
20/03/2007,1.3291
21/03/2007,1.3305
22/03/2007,1.3359
23/03/2007,1.3302
26/03/2007,1.3336
27/03/2007,1.3357
28/03/2007,1.3331
29/03/2007,1.3336
30/03/2007,1.3374
02/04/2007,1.3374
03/04/2007,1.3363
04/04/2007,1.3364
05/04/2007,1.3426
06/04/2007,1.338
09/04/2007,1.3367
10/04/2007,1.3436
11/04/2007,1.3436
12/04/2007,1.3484
13/04/2007,1.3518
16/04/2007,1.355
17/04/2007,1.3569
18/04/2007,1.3574
19/04/2007,1.3605
20/04/2007,1.3601
23/04/2007,1.358
24/04/2007,1.3622
25/04/2007,1.3647
26/04/2007,1.359
27/04/2007,1.3625
30/04/2007,1.366
01/05/2007,1.36
02/05/2007,1.3598
03/05/2007,1.3566
04/05/2007,1.3587
07/05/2007,1.3616
08/05/2007,1.3532
09/05/2007,1.3549
10/05/2007,1.3512
11/05/2007,1.3519
14/05/2007,1.3544
15/05/2007,1.3603
16/05/2007,1.3522
17/05/2007,1.3494
18/05/2007,1.3511
21/05/2007,1.3457
22/05/2007,1.3464
23/05/2007,1.3482
24/05/2007,1.3429
25/05/2007,1.3452
29/05/2007,1.3483
30/05/2007,1.3419
31/05/2007,1.3453
01/06/2007,1.344
04/06/2007,1.3488
05/06/2007,1.3526
06/06/2007,1.3492
07/06/2007,1.3456
08/06/2007,1.3359
11/06/2007,1.3359
12/06/2007,1.3325
13/06/2007,1.3295
14/06/2007,1.3311
15/06/2007,1.3365
18/06/2007,1.3401
19/06/2007,1.3416
20/06/2007,1.3426
21/06/2007,1.3399
22/06/2007,1.3438
25/06/2007,1.345
26/06/2007,1.3468
27/06/2007,1.3433
28/06/2007,1.3466
29/06/2007,1.352
02/07/2007,1.3627
03/07/2007,1.3615
05/07/2007,1.3592
06/07/2007,1.3626
09/07/2007,1.3623
10/07/2007,1.3714
11/07/2007,1.3757
12/07/2007,1.3776
13/07/2007,1.3788
16/07/2007,1.3785
17/07/2007,1.3782
18/07/2007,1.3808
19/07/2007,1.3811
20/07/2007,1.3831
23/07/2007,1.3817
24/07/2007,1.3824
25/07/2007,1.3711
26/07/2007,1.373
27/07/2007,1.3647
30/07/2007,1.3681
31/07/2007,1.3711
01/08/2007,1.3682
02/08/2007,1.3693
03/08/2007,1.3785
06/08/2007,1.3789
07/08/2007,1.3747
08/08/2007,1.3808
09/08/2007,1.3701
10/08/2007,1.3686
13/08/2007,1.3624
14/08/2007,1.3581
15/08/2007,1.3479
16/08/2007,1.3402
17/08/2007,1.3492
20/08/2007,1.3468
21/08/2007,1.3483
22/08/2007,1.3535
23/08/2007,1.356
24/08/2007,1.3645
27/08/2007,1.3645
28/08/2007,1.3626
29/08/2007,1.3675
30/08/2007,1.3648
31/08/2007,1.3641
03/09/2007,1.3641
04/09/2007,1.3606
05/09/2007,1.3669
06/09/2007,1.3697
07/09/2007,1.3772
10/09/2007,1.3794
11/09/2007,1.3837
12/09/2007,1.3904
13/09/2007,1.3885
14/09/2007,1.3848
17/09/2007,1.386
18/09/2007,1.3869
19/09/2007,1.395
20/09/2007,1.4092
21/09/2007,1.4076
24/09/2007,1.4086
25/09/2007,1.4128
26/09/2007,1.4126
27/09/2007,1.4138
28/09/2007,1.4219
01/10/2007,1.4229
02/10/2007,1.4163
03/10/2007,1.4135
04/10/2007,1.4128
05/10/2007,1.4154
08/10/2007,1.4154
09/10/2007,1.4092
10/10/2007,1.4157
11/10/2007,1.4228
12/10/2007,1.4168
15/10/2007,1.4216
16/10/2007,1.4165
17/10/2007,1.4208
18/10/2007,1.4291
19/10/2007,1.4263
22/10/2007,1.4138
23/10/2007,1.4248
24/10/2007,1.4237
25/10/2007,1.4299
26/10/2007,1.439
29/10/2007,1.4405
30/10/2007,1.4424
31/10/2007,1.4468
01/11/2007,1.4435
02/11/2007,1.4481
05/11/2007,1.4469
06/11/2007,1.4555
07/11/2007,1.4667
08/11/2007,1.4691
09/11/2007,1.4665
13/11/2007,1.4598
14/11/2007,1.467
15/11/2007,1.4639
16/11/2007,1.4652
19/11/2007,1.4658
20/11/2007,1.4787
21/11/2007,1.4829
22/11/2007,1.4829
23/11/2007,1.4825
26/11/2007,1.4862
27/11/2007,1.4817
28/11/2007,1.475
29/11/2007,1.4766
30/11/2007,1.4688
03/12/2007,1.4657
04/12/2007,1.4759
05/12/2007,1.4666
06/12/2007,1.4638
07/12/2007,1.4664
10/12/2007,1.4714
11/12/2007,1.4702
12/12/2007,1.4702
13/12/2007,1.4591
14/12/2007,1.4433
17/12/2007,1.4369
18/12/2007,1.4392
19/12/2007,1.4344
20/12/2007,1.4353
21/12/2007,1.4361
24/12/2007,1.4409
26/12/2007,1.45
27/12/2007,1.4601
28/12/2007,1.4718
31/12/2007,1.4603
02/01/2008,1.4738
03/01/2008,1.4736
04/01/2008,1.4786
07/01/2008,1.4684
08/01/2008,1.4717
09/01/2008,1.4663
10/01/2008,1.474
11/01/2008,1.4787
14/01/2008,1.4877
15/01/2008,1.4842
16/01/2008,1.4643
17/01/2008,1.469
18/01/2008,1.4616
22/01/2008,1.4609
23/01/2008,1.4574
24/01/2008,1.4737
25/01/2008,1.4673
28/01/2008,1.4789
29/01/2008,1.4767
30/01/2008,1.4782
31/01/2008,1.4841
01/02/2008,1.4851
04/02/2008,1.4832
05/02/2008,1.4638
06/02/2008,1.4647
07/02/2008,1.4495
08/02/2008,1.4505
11/02/2008,1.4506
12/02/2008,1.4592
13/02/2008,1.4569
14/02/2008,1.4635
15/02/2008,1.4674
19/02/2008,1.4742
20/02/2008,1.4663
21/02/2008,1.4813
22/02/2008,1.4825
25/02/2008,1.4822
26/02/2008,1.4889
27/02/2008,1.5132
28/02/2008,1.5172
29/02/2008,1.5187
03/03/2008,1.5195
04/03/2008,1.521
05/03/2008,1.5282
06/03/2008,1.5356
07/03/2008,1.5333
10/03/2008,1.5369
11/03/2008,1.5329
12/03/2008,1.5495
13/03/2008,1.5584
14/03/2008,1.5604
17/03/2008,1.5765
18/03/2008,1.5784
19/03/2008,1.5642
20/03/2008,1.5417
21/03/2008,1.5447
24/03/2008,1.5394
25/03/2008,1.5595
26/03/2008,1.5761
27/03/2008,1.5798
28/03/2008,1.5759
31/03/2008,1.5805
01/04/2008,1.5615
02/04/2008,1.5618
03/04/2008,1.5667
04/04/2008,1.5735
07/04/2008,1.5713
08/04/2008,1.5705
09/04/2008,1.5804
10/04/2008,1.5744
11/04/2008,1.5796
14/04/2008,1.5827
15/04/2008,1.5801
16/04/2008,1.5978
17/04/2008,1.5924
18/04/2008,1.5742
21/04/2008,1.5881
22/04/2008,1.601
23/04/2008,1.5898
24/04/2008,1.5668
25/04/2008,1.5634
28/04/2008,1.5648
29/04/2008,1.5604
30/04/2008,1.5568
01/05/2008,1.5458
02/05/2008,1.5431
05/05/2008,1.5491
06/05/2008,1.5548
07/05/2008,1.537
08/05/2008,1.5409
09/05/2008,1.5447
12/05/2008,1.5536
13/05/2008,1.5509
14/05/2008,1.5467
15/05/2008,1.5492
16/05/2008,1.5591
19/05/2008,1.5516
20/05/2008,1.5667
21/05/2008,1.5772
22/05/2008,1.5703
23/05/2008,1.5784
27/05/2008,1.5731
28/05/2008,1.5628
29/05/2008,1.5527
30/05/2008,1.556
02/06/2008,1.555
03/06/2008,1.5454
04/06/2008,1.5453
05/06/2008,1.556
06/06/2008,1.5731
09/06/2008,1.5718
10/06/2008,1.5473
11/06/2008,1.5562
12/06/2008,1.5418
13/06/2008,1.5368
16/06/2008,1.5472
17/06/2008,1.5519
18/06/2008,1.5502
19/06/2008,1.5502
20/06/2008,1.5626
23/06/2008,1.5492
24/06/2008,1.5591
25/06/2008,1.557
26/06/2008,1.5738
27/06/2008,1.5749
30/06/2008,1.5748
01/07/2008,1.5778
02/07/2008,1.5869
03/07/2008,1.5708
07/07/2008,1.5646
08/07/2008,1.5653
09/07/2008,1.5744
10/07/2008,1.5771
11/07/2008,1.5898
14/07/2008,1.5914
15/07/2008,1.5923
16/07/2008,1.5847
17/07/2008,1.5861
18/07/2008,1.5855
21/07/2008,1.5877
22/07/2008,1.5811
23/07/2008,1.5708
24/07/2008,1.5657
25/07/2008,1.5687
28/07/2008,1.5747
29/07/2008,1.5588
30/07/2008,1.5559
31/07/2008,1.5589
01/08/2008,1.5567
04/08/2008,1.5569
05/08/2008,1.5468
06/08/2008,1.5409
07/08/2008,1.5341
08/08/2008,1.5047
11/08/2008,1.4958
12/08/2008,1.4905
13/08/2008,1.4895
14/08/2008,1.4856
15/08/2008,1.4695
18/08/2008,1.473
19/08/2008,1.4746
20/08/2008,1.4701
21/08/2008,1.4875
22/08/2008,1.48
25/08/2008,1.4803
26/08/2008,1.466
27/08/2008,1.4684
28/08/2008,1.4685
29/08/2008,1.4669
02/09/2008,1.4522
03/09/2008,1.4489
04/09/2008,1.436
05/09/2008,1.4273
08/09/2008,1.4126
09/09/2008,1.4173
10/09/2008,1.402
11/09/2008,1.3939
12/09/2008,1.4172
15/09/2008,1.4175
16/09/2008,1.4155
17/09/2008,1.4215
18/09/2008,1.4382
19/09/2008,1.4384
22/09/2008,1.4697
23/09/2008,1.4737
24/09/2008,1.4655
25/09/2008,1.4643
26/09/2008,1.4596
29/09/2008,1.4381
30/09/2008,1.4081
01/10/2008,1.4058
02/10/2008,1.3854
03/10/2008,1.3816
06/10/2008,1.3508
07/10/2008,1.3649
08/10/2008,1.368
09/10/2008,1.3646
10/10/2008,1.3471
14/10/2008,1.3658
15/10/2008,1.3567
16/10/2008,1.3416
17/10/2008,1.3462
20/10/2008,1.3314
21/10/2008,1.3102
22/10/2008,1.2835
23/10/2008,1.2878
24/10/2008,1.2639
27/10/2008,1.2446
28/10/2008,1.2476
29/10/2008,1.2851
30/10/2008,1.285
31/10/2008,1.2682
03/11/2008,1.2719
04/11/2008,1.3021
05/11/2008,1.3039
06/11/2008,1.2756
07/11/2008,1.2777
10/11/2008,1.276
12/11/2008,1.2558
13/11/2008,1.2526
14/11/2008,1.2731
17/11/2008,1.2726
18/11/2008,1.269
19/11/2008,1.2595
20/11/2008,1.2525
21/11/2008,1.2531
24/11/2008,1.289
25/11/2008,1.303
26/11/2008,1.2828
28/11/2008,1.2694
01/12/2008,1.2634
02/12/2008,1.2724
03/12/2008,1.2669
04/12/2008,1.284
05/12/2008,1.2654
08/12/2008,1.2942
09/12/2008,1.2937
10/12/2008,1.3024
11/12/2008,1.3294
12/12/2008,1.3349
15/12/2008,1.3664
16/12/2008,1.381
17/12/2008,1.4358
18/12/2008,1.4298
19/12/2008,1.3875
22/12/2008,1.3952
23/12/2008,1.3966
24/12/2008,1.3964
26/12/2008,1.4062
29/12/2008,1.4232
30/12/2008,1.4085
31/12/2008,1.3919
02/01/2009,1.3946
05/01/2009,1.3576
06/01/2009,1.3445
07/01/2009,1.3718
08/01/2009,1.3714
09/01/2009,1.3495
12/01/2009,1.3347
13/01/2009,1.3198
14/01/2009,1.3174
15/01/2009,1.3094
16/01/2009,1.3244
20/01/2009,1.2946
21/01/2009,1.287
22/01/2009,1.2955
23/01/2009,1.2849
26/01/2009,1.3123
27/01/2009,1.3159
28/01/2009,1.3244
29/01/2009,1.2988
30/01/2009,1.2804
02/02/2009,1.2808
03/02/2009,1.301
04/02/2009,1.2857
05/02/2009,1.2838
06/02/2009,1.2874
09/02/2009,1.3064
10/02/2009,1.2966
11/02/2009,1.2893
12/02/2009,1.2822
13/02/2009,1.2879
17/02/2009,1.2571
18/02/2009,1.2547
19/02/2009,1.2675
20/02/2009,1.269
23/02/2009,1.2747
24/02/2009,1.2742
25/02/2009,1.2731
26/02/2009,1.2764
27/02/2009,1.2662
02/03/2009,1.258
03/03/2009,1.2549
04/03/2009,1.2607
05/03/2009,1.2565
06/03/2009,1.2674
09/03/2009,1.2636
10/03/2009,1.2752
11/03/2009,1.2774
12/03/2009,1.2799
13/03/2009,1.2891
16/03/2009,1.2997
17/03/2009,1.2972
18/03/2009,1.311
19/03/2009,1.373
20/03/2009,1.3566
23/03/2009,1.3569
24/03/2009,1.3524
25/03/2009,1.3539
26/03/2009,1.356
27/03/2009,1.3306
30/03/2009,1.3146
31/03/2009,1.3261
01/04/2009,1.3223
02/04/2009,1.3458
03/04/2009,1.3447
06/04/2009,1.3363
07/04/2009,1.3282
08/04/2009,1.3288
09/04/2009,1.3149
10/04/2009,1.3143
13/04/2009,1.3354
14/04/2009,1.3277
15/04/2009,1.3182
16/04/2009,1.3197
17/04/2009,1.303
20/04/2009,1.2903
21/04/2009,1.2978
22/04/2009,1.3012
23/04/2009,1.3048
24/04/2009,1.3277
27/04/2009,1.3136
28/04/2009,1.3061
29/04/2009,1.3324
30/04/2009,1.3244
01/05/2009,1.3267
04/05/2009,1.3365
05/05/2009,1.3375
06/05/2009,1.3313
07/05/2009,1.3411
08/05/2009,1.3494
11/05/2009,1.362
12/05/2009,1.3638
13/05/2009,1.3612
14/05/2009,1.3608
15/05/2009,1.3539
18/05/2009,1.3503
19/05/2009,1.3608
20/05/2009,1.3765
21/05/2009,1.3804
22/05/2009,1.4005
26/05/2009,1.3992
27/05/2009,1.3924
28/05/2009,1.3948
29/05/2009,1.4126
01/06/2009,1.4192
02/06/2009,1.427
03/06/2009,1.4194
04/06/2009,1.4187
05/06/2009,1.399
08/06/2009,1.3884
09/06/2009,1.4014
10/06/2009,1.3983
11/06/2009,1.4093
12/06/2009,1.404
15/06/2009,1.3784
16/06/2009,1.3878
17/06/2009,1.385
18/06/2009,1.3978
19/06/2009,1.3998
22/06/2009,1.3846
23/06/2009,1.4035
24/06/2009,1.4015
25/06/2009,1.3953
26/06/2009,1.4056
29/06/2009,1.4058
30/06/2009,1.402
01/07/2009,1.4186
02/07/2009,1.4018
03/07/2009,1.3991
06/07/2009,1.3938
07/07/2009,1.3965
08/07/2009,1.3852
09/07/2009,1.4026
10/07/2009,1.3926
13/07/2009,1.3973
14/07/2009,1.3971
15/07/2009,1.4116
16/07/2009,1.4115
17/07/2009,1.412
20/07/2009,1.4211
21/07/2009,1.4196
22/07/2009,1.422
23/07/2009,1.4266
24/07/2009,1.4213
27/07/2009,1.4212
28/07/2009,1.4215
29/07/2009,1.4033
30/07/2009,1.4066
31/07/2009,1.4279
03/08/2009,1.4416
04/08/2009,1.44
05/08/2009,1.4391
06/08/2009,1.4357
07/08/2009,1.418
10/08/2009,1.4143
11/08/2009,1.4141
12/08/2009,1.4215
13/08/2009,1.4283
14/08/2009,1.4216
17/08/2009,1.4088
18/08/2009,1.4075
19/08/2009,1.4262
20/08/2009,1.4235
21/08/2009,1.4305
24/08/2009,1.432
25/08/2009,1.435
26/08/2009,1.423
27/08/2009,1.4272
28/08/2009,1.4358
31/08/2009,1.4354
01/09/2009,1.4235
02/09/2009,1.4246
03/09/2009,1.4278
04/09/2009,1.4278
08/09/2009,1.4497
09/09/2009,1.4573
10/09/2009,1.4568
11/09/2009,1.4586
14/09/2009,1.4613
15/09/2009,1.4617
16/09/2009,1.4698
17/09/2009,1.4735
18/09/2009,1.4704
21/09/2009,1.4692
22/09/2009,1.4795
23/09/2009,1.4752
24/09/2009,1.4696
25/09/2009,1.4682
28/09/2009,1.465
29/09/2009,1.4553
30/09/2009,1.463
01/10/2009,1.4532
02/10/2009,1.459
05/10/2009,1.4647
06/10/2009,1.4744
07/10/2009,1.4675
08/10/2009,1.4777
09/10/2009,1.4715
13/10/2009,1.4839
14/10/2009,1.4899
15/10/2009,1.4945
16/10/2009,1.4889
19/10/2009,1.4947
20/10/2009,1.4905
21/10/2009,1.5009
22/10/2009,1.5003
23/10/2009,1.5029
26/10/2009,1.4941
27/10/2009,1.4821
28/10/2009,1.4763
29/10/2009,1.4819
30/10/2009,1.4755
02/11/2009,1.4828
03/11/2009,1.4658
04/11/2009,1.4836
05/11/2009,1.4857
06/11/2009,1.4835
09/11/2009,1.4999
10/11/2009,1.496
12/11/2009,1.4865
13/11/2009,1.4886
16/11/2009,1.4977
17/11/2009,1.483
18/11/2009,1.499
19/11/2009,1.4905
20/11/2009,1.487
23/11/2009,1.4968
24/11/2009,1.4937
25/11/2009,1.5085
27/11/2009,1.4963
30/11/2009,1.4994
01/12/2009,1.51
02/12/2009,1.5059
03/12/2009,1.5081
04/12/2009,1.4885
07/12/2009,1.482
08/12/2009,1.4741
09/12/2009,1.4725
10/12/2009,1.4716
11/12/2009,1.4601
14/12/2009,1.4645
15/12/2009,1.4514
16/12/2009,1.4577
17/12/2009,1.4317
18/12/2009,1.4281
21/12/2009,1.4319
22/12/2009,1.4243
23/12/2009,1.4341
24/12/2009,1.4367
28/12/2009,1.4392
29/12/2009,1.4356
30/12/2009,1.4316
31/12/2009,1.4332
04/01/2010,1.4419
05/01/2010,1.4402
06/01/2010,1.4404
07/01/2010,1.4314
08/01/2010,1.4357
11/01/2010,1.4536
12/01/2010,1.4523
13/01/2010,1.4492
14/01/2010,1.4478
15/01/2010,1.4376
19/01/2010,1.4269
20/01/2010,1.4094
21/01/2010,1.4106
22/01/2010,1.4154
25/01/2010,1.4146
26/01/2010,1.4063
27/01/2010,1.4053
28/01/2010,1.3993
29/01/2010,1.387
01/02/2010,1.3904
02/02/2010,1.3955
03/02/2010,1.3907
04/02/2010,1.3759
05/02/2010,1.3608
08/02/2010,1.3699
09/02/2010,1.3795
10/02/2010,1.3722
11/02/2010,1.364
12/02/2010,1.3625
16/02/2010,1.3742
17/02/2010,1.3623
18/02/2010,1.3563
19/02/2010,1.3538
22/02/2010,1.359
23/02/2010,1.3537
24/02/2010,1.3576
25/02/2010,1.3476
26/02/2010,1.366
01/03/2010,1.3516
02/03/2010,1.3564
03/03/2010,1.3731
04/03/2010,1.3571
05/03/2010,1.3608
08/03/2010,1.3613
09/03/2010,1.3586
10/03/2010,1.3658
11/03/2010,1.3674
12/03/2010,1.3753
15/03/2010,1.3652
16/03/2010,1.3758
17/03/2010,1.3739
18/03/2010,1.3603
19/03/2010,1.353
22/03/2010,1.3531
23/03/2010,1.3535
24/03/2010,1.3347
25/03/2010,1.3344
26/03/2010,1.3398
29/03/2010,1.3465
30/03/2010,1.3409
31/03/2010,1.3526
01/04/2010,1.3569
02/04/2010,1.3487
05/04/2010,1.3486
06/04/2010,1.3378
07/04/2010,1.3364
08/04/2010,1.336
09/04/2010,1.3468
12/04/2010,1.3587
13/04/2010,1.3592
14/04/2010,1.3666
15/04/2010,1.354
16/04/2010,1.3487
19/04/2010,1.3458
20/04/2010,1.3446
21/04/2010,1.3383
22/04/2010,1.3298
23/04/2010,1.336
26/04/2010,1.3336
27/04/2010,1.323
28/04/2010,1.313
29/04/2010,1.3243
30/04/2010,1.3302
03/05/2010,1.3183
04/05/2010,1.3037
05/05/2010,1.289
06/05/2010,1.2689
07/05/2010,1.2721
10/05/2010,1.2861
11/05/2010,1.2715
12/05/2010,1.2642
13/05/2010,1.2568
14/05/2010,1.239
17/05/2010,1.2299
18/05/2010,1.2358
19/05/2010,1.2317
20/05/2010,1.237
21/05/2010,1.2575
24/05/2010,1.2406
25/05/2010,1.2279
26/05/2010,1.2224
27/05/2010,1.237
28/05/2010,1.2369
01/06/2010,1.2266
02/06/2010,1.2206
03/06/2010,1.2193
04/06/2010,1.1998
07/06/2010,1.1959
08/06/2010,1.1995
09/06/2010,1.2045
10/06/2010,1.2111
11/06/2010,1.2077
14/06/2010,1.2277
15/06/2010,1.2327
16/06/2010,1.2323
17/06/2010,1.2365
18/06/2010,1.236
21/06/2010,1.2385
22/06/2010,1.2303
23/06/2010,1.231
24/06/2010,1.2288
25/06/2010,1.2332
28/06/2010,1.2316
29/06/2010,1.2187
30/06/2010,1.2291
01/07/2010,1.2464
02/07/2010,1.2577
06/07/2010,1.2646
07/07/2010,1.2594
08/07/2010,1.2683
09/07/2010,1.2639
12/07/2010,1.2573
13/07/2010,1.2719
14/07/2010,1.2755
15/07/2010,1.2893
16/07/2010,1.2919
19/07/2010,1.2963
20/07/2010,1.2905
21/07/2010,1.2818
22/07/2010,1.2903
23/07/2010,1.2874
26/07/2010,1.2983
27/07/2010,1.2983
28/07/2010,1.2998
29/07/2010,1.3064
30/07/2010,1.3069
02/08/2010,1.3174
03/08/2010,1.3239
04/08/2010,1.3158
05/08/2010,1.3157
06/08/2010,1.3282
09/08/2010,1.3241
10/08/2010,1.3095
11/08/2010,1.2899
12/08/2010,1.2866
13/08/2010,1.2767
16/08/2010,1.2838
17/08/2010,1.289
18/08/2010,1.2872
19/08/2010,1.2837
20/08/2010,1.2687
23/08/2010,1.2663
24/08/2010,1.2675
25/08/2010,1.2652
26/08/2010,1.2717
27/08/2010,1.2765
30/08/2010,1.2686
31/08/2010,1.2704
01/09/2010,1.2813
02/09/2010,1.2824
03/09/2010,1.2885
07/09/2010,1.2723
08/09/2010,1.2727
09/09/2010,1.2708
10/09/2010,1.2731
13/09/2010,1.289
14/09/2010,1.3014
15/09/2010,1.3008
16/09/2010,1.3079
17/09/2010,1.3046
20/09/2010,1.3074
21/09/2010,1.3136
22/09/2010,1.3385
23/09/2010,1.3344
24/09/2010,1.3476
27/09/2010,1.3475
28/09/2010,1.3583
29/09/2010,1.3638
30/09/2010,1.3601
01/10/2010,1.3754
04/10/2010,1.3688
05/10/2010,1.3834
06/10/2010,1.3924
07/10/2010,1.3921
08/10/2010,1.3923
12/10/2010,1.3846
13/10/2010,1.3964
14/10/2010,1.4066
15/10/2010,1.3998
18/10/2010,1.3978
19/10/2010,1.3827
20/10/2010,1.3949
21/10/2010,1.3973
22/10/2010,1.3904
25/10/2010,1.3986
26/10/2010,1.3873
27/10/2010,1.3788
28/10/2010,1.3929
29/10/2010,1.3894
01/11/2010,1.3888
02/11/2010,1.4026
03/11/2010,1.4014
04/11/2010,1.4224
05/11/2010,1.4033
08/11/2010,1.3927
09/11/2010,1.3865
10/11/2010,1.3728
12/11/2010,1.37
15/11/2010,1.3615
16/11/2010,1.3517
17/11/2010,1.3555
18/11/2010,1.3618
19/11/2010,1.3654
22/11/2010,1.3612
23/11/2010,1.3388
24/11/2010,1.335
26/11/2010,1.3243
29/11/2010,1.3092
30/11/2010,1.3036
01/12/2010,1.3149
02/12/2010,1.3228
03/12/2010,1.3367
06/12/2010,1.3275
07/12/2010,1.3323
08/12/2010,1.3242
09/12/2010,1.3206
10/12/2010,1.3242
13/12/2010,1.3389
14/12/2010,1.3395
15/12/2010,1.3306
16/12/2010,1.3206
17/12/2010,1.3155
20/12/2010,1.3124
21/12/2010,1.3131
22/12/2010,1.3089
23/12/2010,1.3101
27/12/2010,1.3146
28/12/2010,1.3122
29/12/2010,1.3183
30/12/2010,1.3269
03/01/2011,1.3371
04/01/2011,1.3306
05/01/2011,1.3171
06/01/2011,1.3027
07/01/2011,1.2944
10/01/2011,1.2945
11/01/2011,1.2978
12/01/2011,1.3066
13/01/2011,1.3364
14/01/2011,1.3328
18/01/2011,1.3399
19/01/2011,1.3495
20/01/2011,1.3443
21/01/2011,1.3581
24/01/2011,1.3653
25/01/2011,1.3644
26/01/2011,1.3688
27/01/2011,1.3688
28/01/2011,1.3607
31/01/2011,1.3715
01/02/2011,1.3793
02/02/2011,1.3779
03/02/2011,1.3654
04/02/2011,1.3584
07/02/2011,1.3557
08/02/2011,1.3687
09/02/2011,1.3688
10/02/2011,1.3637
11/02/2011,1.352
14/02/2011,1.3474
15/02/2011,1.3494
16/02/2011,1.3547
17/02/2011,1.3612
18/02/2011,1.3673
22/02/2011,1.3661
23/02/2011,1.3758
24/02/2011,1.3794
25/02/2011,1.3757
28/02/2011,1.3793
01/03/2011,1.3813
02/03/2011,1.3869
03/03/2011,1.3947
04/03/2011,1.3983
07/03/2011,1.3976
08/03/2011,1.3912
09/03/2011,1.3906
10/03/2011,1.3823
11/03/2011,1.3864
14/03/2011,1.3975
15/03/2011,1.3968
16/03/2011,1.3922
17/03/2011,1.4021
18/03/2011,1.4141
21/03/2011,1.4184
22/03/2011,1.4212
23/03/2011,1.4124
24/03/2011,1.42
25/03/2011,1.4144
28/03/2011,1.4104
29/03/2011,1.409
30/03/2011,1.4095
31/03/2011,1.4183
01/04/2011,1.4215
04/04/2011,1.4221
05/04/2011,1.423
06/04/2011,1.4333
07/04/2011,1.4287
08/04/2011,1.4437
11/04/2011,1.4454
12/04/2011,1.4455
13/04/2011,1.4477
14/04/2011,1.4464
15/04/2011,1.4443
18/04/2011,1.4211
19/04/2011,1.4319
20/04/2011,1.4513
21/04/2011,1.4585
22/04/2011,1.4545
25/04/2011,1.4576
26/04/2011,1.4625
27/04/2011,1.4659
28/04/2011,1.4785
29/04/2011,1.4821
02/05/2011,1.487
03/05/2011,1.4875
04/05/2011,1.4859
05/05/2011,1.4583
06/05/2011,1.4495
09/05/2011,1.4301
10/05/2011,1.4358
11/05/2011,1.4269
12/05/2011,1.4229
13/05/2011,1.4141
16/05/2011,1.4219
17/05/2011,1.4155
18/05/2011,1.427
19/05/2011,1.4254
20/05/2011,1.4172
23/05/2011,1.4015
24/05/2011,1.4107
25/05/2011,1.4102
26/05/2011,1.4088
27/05/2011,1.4287
31/05/2011,1.4376
01/06/2011,1.4431
02/06/2011,1.4426
03/06/2011,1.4604
06/06/2011,1.462
07/06/2011,1.4675
08/06/2011,1.4587
09/06/2011,1.4534
10/06/2011,1.4365
13/06/2011,1.4368
14/06/2011,1.4473
15/06/2011,1.4221
16/06/2011,1.4155
17/06/2011,1.4326
20/06/2011,1.432
21/06/2011,1.4399
22/06/2011,1.4403
23/06/2011,1.4166
24/06/2011,1.4189
27/06/2011,1.4282
28/06/2011,1.4368
29/06/2011,1.4428
30/06/2011,1.4523
01/07/2011,1.4508
05/07/2011,1.447
06/07/2011,1.4329
07/07/2011,1.4349
08/07/2011,1.4251
11/07/2011,1.4034
12/07/2011,1.4014
13/07/2011,1.4167
14/07/2011,1.4182
15/07/2011,1.4156
18/07/2011,1.4042
19/07/2011,1.4156
20/07/2011,1.4188
21/07/2011,1.4372
22/07/2011,1.4366
25/07/2011,1.4357
26/07/2011,1.4495
27/07/2011,1.4373
28/07/2011,1.4303
29/07/2011,1.4388
01/08/2011,1.4202
02/08/2011,1.4232
03/08/2011,1.432
04/08/2011,1.4158
05/08/2011,1.4158
08/08/2011,1.4241
09/08/2011,1.4242
10/08/2011,1.4193
11/08/2011,1.423
12/08/2011,1.4239
15/08/2011,1.4452
16/08/2011,1.4421
17/08/2011,1.4436
18/08/2011,1.432
19/08/2011,1.4408
22/08/2011,1.4384
23/08/2011,1.4431
24/08/2011,1.4402
25/08/2011,1.438
26/08/2011,1.4463
29/08/2011,1.451
30/08/2011,1.4435
31/08/2011,1.4406
01/09/2011,1.4283
02/09/2011,1.4203
06/09/2011,1.3999
07/09/2011,1.4058
08/09/2011,1.3947
09/09/2011,1.3666
12/09/2011,1.3635
13/09/2011,1.368
14/09/2011,1.371
15/09/2011,1.3858
16/09/2011,1.3783
19/09/2011,1.3636
20/09/2011,1.3697
21/09/2011,1.3724
22/09/2011,1.3446
23/09/2011,1.3518
26/09/2011,1.3516
27/09/2011,1.3606
28/09/2011,1.3628
29/09/2011,1.3639
30/09/2011,1.3449
03/10/2011,1.3281
04/10/2011,1.3294
05/10/2011,1.3328
06/10/2011,1.3408
07/10/2011,1.3512
11/10/2011,1.3657
12/10/2011,1.3805
13/10/2011,1.373
14/10/2011,1.3861
17/10/2011,1.377
18/10/2011,1.3719
19/10/2011,1.3775
20/10/2011,1.3672
21/10/2011,1.3873
24/10/2011,1.3932
25/10/2011,1.3911
26/10/2011,1.3838
27/10/2011,1.4172
28/10/2011,1.4164
31/10/2011,1.3947
01/11/2011,1.3676
02/11/2011,1.3803
03/11/2011,1.3744
04/11/2011,1.3761
07/11/2011,1.3744
08/11/2011,1.3785
09/11/2011,1.3596
10/11/2011,1.36
14/11/2011,1.3625
15/11/2011,1.3524
16/11/2011,1.3505
17/11/2011,1.3522
18/11/2011,1.3521
21/11/2011,1.3525
22/11/2011,1.35
23/11/2011,1.3347
25/11/2011,1.3244
28/11/2011,1.3334
29/11/2011,1.3343
30/11/2011,1.3453
01/12/2011,1.3487
02/12/2011,1.3386
05/12/2011,1.3463
06/12/2011,1.3397
07/12/2011,1.3386
08/12/2011,1.3324
09/12/2011,1.3368
12/12/2011,1.3188
13/12/2011,1.3094
14/12/2011,1.2972
15/12/2011,1.3013
16/12/2011,1.3025
19/12/2011,1.3017
20/12/2011,1.3076
21/12/2011,1.304
22/12/2011,1.3045
23/12/2011,1.304
27/12/2011,1.3074
28/12/2011,1.2926
29/12/2011,1.2952
30/12/2011,1.2973
03/01/2012,1.3061
04/01/2012,1.293
05/01/2012,1.2783
06/01/2012,1.2723
09/01/2012,1.2745
10/01/2012,1.2782
11/01/2012,1.2686
12/01/2012,1.2818
13/01/2012,1.2682
17/01/2012,1.274
18/01/2012,1.2825
19/01/2012,1.2937
20/01/2012,1.2948
23/01/2012,1.3035
24/01/2012,1.3004
25/01/2012,1.2978
26/01/2012,1.3152
27/01/2012,1.3192
30/01/2012,1.3123
31/01/2012,1.3053
01/02/2012,1.3179
02/02/2012,1.3167
03/02/2012,1.3106
06/02/2012,1.313
07/02/2012,1.3244
08/02/2012,1.3253
09/02/2012,1.3297
10/02/2012,1.3187
13/02/2012,1.3211
14/02/2012,1.3149
15/02/2012,1.3087
16/02/2012,1.311
17/02/2012,1.3149
21/02/2012,1.3255
22/02/2012,1.3251
23/02/2012,1.3308
24/02/2012,1.3463
27/02/2012,1.341
28/02/2012,1.3452
29/02/2012,1.3359
01/03/2012,1.332
02/03/2012,1.3202
05/03/2012,1.3226
06/03/2012,1.3114
07/03/2012,1.3149
08/03/2012,1.3256
09/03/2012,1.3108
12/03/2012,1.3141
13/03/2012,1.3109
14/03/2012,1.3025
15/03/2012,1.307
16/03/2012,1.3171
19/03/2012,1.3242
20/03/2012,1.3222
21/03/2012,1.319
22/03/2012,1.3194
23/03/2012,1.3263
26/03/2012,1.3328
27/03/2012,1.3336
28/03/2012,1.33
29/03/2012,1.3265
30/03/2012,1.3334
02/04/2012,1.3325
03/04/2012,1.3337
04/04/2012,1.3126
05/04/2012,1.3064
06/04/2012,1.3089
09/04/2012,1.3087
10/04/2012,1.3068
11/04/2012,1.3104
12/04/2012,1.3171
13/04/2012,1.3082
16/04/2012,1.3067
17/04/2012,1.3123
18/04/2012,1.3122
19/04/2012,1.3132
20/04/2012,1.3212
23/04/2012,1.3129
24/04/2012,1.3207
25/04/2012,1.321
26/04/2012,1.3232
27/04/2012,1.3248
30/04/2012,1.3229
01/05/2012,1.3226
02/05/2012,1.3154
03/05/2012,1.3147
04/05/2012,1.3091
07/05/2012,1.3052
08/05/2012,1.3015
09/05/2012,1.2954
10/05/2012,1.2959
11/05/2012,1.2937
14/05/2012,1.2847
15/05/2012,1.2769
16/05/2012,1.273
17/05/2012,1.2709
18/05/2012,1.2721
21/05/2012,1.2769
22/05/2012,1.2735
23/05/2012,1.2569
24/05/2012,1.2583
25/05/2012,1.2518
29/05/2012,1.2488
30/05/2012,1.2405
31/05/2012,1.2364
01/06/2012,1.242
04/06/2012,1.2495
05/06/2012,1.2437
06/06/2012,1.2535
07/06/2012,1.2568
08/06/2012,1.2482
11/06/2012,1.2504
12/06/2012,1.2477
13/06/2012,1.2596
14/06/2012,1.2608
15/06/2012,1.2633
18/06/2012,1.2578
19/06/2012,1.2692
20/06/2012,1.2703
21/06/2012,1.2586
22/06/2012,1.2545
25/06/2012,1.248
26/06/2012,1.2471
27/06/2012,1.2457
28/06/2012,1.2433
29/06/2012,1.2668
02/07/2012,1.2584
03/07/2012,1.262
05/07/2012,1.2384
06/07/2012,1.2283
09/07/2012,1.2299
10/07/2012,1.2255
11/07/2012,1.2244
12/07/2012,1.2199
13/07/2012,1.2232
16/07/2012,1.2267
17/07/2012,1.2234
18/07/2012,1.2261
19/07/2012,1.2257
20/07/2012,1.2176
23/07/2012,1.2126
24/07/2012,1.2062
25/07/2012,1.2132
26/07/2012,1.228
27/07/2012,1.237
30/07/2012,1.225
31/07/2012,1.2315
01/08/2012,1.2299
02/08/2012,1.2149
03/08/2012,1.239
06/08/2012,1.2422
07/08/2012,1.2422
08/08/2012,1.2364
09/08/2012,1.2278
10/08/2012,1.2298
13/08/2012,1.2339
14/08/2012,1.2329
15/08/2012,1.2288
16/08/2012,1.2356
17/08/2012,1.2315
20/08/2012,1.2343
21/08/2012,1.2472
22/08/2012,1.2472
23/08/2012,1.2583
24/08/2012,1.2533
27/08/2012,1.2514
28/08/2012,1.2564
29/08/2012,1.2538
30/08/2012,1.2497
31/08/2012,1.2578
04/09/2012,1.2566
05/09/2012,1.2603
06/09/2012,1.2626
07/09/2012,1.2796
10/09/2012,1.2795
11/09/2012,1.2858
12/09/2012,1.2894
13/09/2012,1.2912
14/09/2012,1.3142
17/09/2012,1.3125
18/09/2012,1.3051
19/09/2012,1.3065
20/09/2012,1.2948
21/09/2012,1.299
24/09/2012,1.2909
25/09/2012,1.2945
26/09/2012,1.2852
27/09/2012,1.2874
28/09/2012,1.2856
01/10/2012,1.29
02/10/2012,1.2951
03/10/2012,1.2909
04/10/2012,1.3001
05/10/2012,1.3059
09/10/2012,1.2876
10/10/2012,1.2888
11/10/2012,1.2928
12/10/2012,1.2946
15/10/2012,1.295
16/10/2012,1.3036
17/10/2012,1.3133
18/10/2012,1.3106
19/10/2012,1.3022
22/10/2012,1.3063
23/10/2012,1.2971
24/10/2012,1.2946
25/10/2012,1.2958
26/10/2012,1.2938
29/10/2012,1.2906
30/10/2012,1.2979
31/10/2012,1.2958
01/11/2012,1.2937
02/11/2012,1.2848
05/11/2012,1.279
06/11/2012,1.2818
07/11/2012,1.2759
08/11/2012,1.274
09/11/2012,1.2715
13/11/2012,1.2716
14/11/2012,1.274
15/11/2012,1.2783
16/11/2012,1.2715
19/11/2012,1.2806
20/11/2012,1.2814
21/11/2012,1.2816
23/11/2012,1.2959
26/11/2012,1.2966
27/11/2012,1.294
28/11/2012,1.2923
29/11/2012,1.2953
30/11/2012,1.301
03/12/2012,1.3066
04/12/2012,1.3081
05/12/2012,1.3077
06/12/2012,1.2968
07/12/2012,1.2942
10/12/2012,1.293
11/12/2012,1.2992
12/12/2012,1.3038
13/12/2012,1.3077
14/12/2012,1.3134
17/12/2012,1.3169
18/12/2012,1.3224
19/12/2012,1.326
20/12/2012,1.3224
21/12/2012,1.3166
24/12/2012,1.3179
26/12/2012,1.3228
27/12/2012,1.3228
28/12/2012,1.322
31/12/2012,1.3186
02/01/2013,1.3195
03/01/2013,1.311
04/01/2013,1.3047
07/01/2013,1.3099
08/01/2013,1.3068
09/01/2013,1.3078
10/01/2013,1.322
11/01/2013,1.3353
14/01/2013,1.3369
15/01/2013,1.3342
16/01/2013,1.3305
17/01/2013,1.3356
18/01/2013,1.3303
22/01/2013,1.3304
23/01/2013,1.3308
24/01/2013,1.3378
25/01/2013,1.3456
28/01/2013,1.3459
29/01/2013,1.3484
30/01/2013,1.3564
31/01/2013,1.3584
01/02/2013,1.3692
04/02/2013,1.3527
05/02/2013,1.3569
06/02/2013,1.3528
07/02/2013,1.3382
08/02/2013,1.3366
11/02/2013,1.3414
12/02/2013,1.345
13/02/2013,1.3448
14/02/2013,1.3334
15/02/2013,1.3362
19/02/2013,1.3387
20/02/2013,1.335
21/02/2013,1.3204
22/02/2013,1.3166
25/02/2013,1.3172
26/02/2013,1.3054
27/02/2013,1.3104
28/02/2013,1.3079
01/03/2013,1.2988
04/03/2013,1.2996
05/03/2013,1.3019
06/03/2013,1.299
07/03/2013,1.3098
08/03/2013,1.2992
11/03/2013,1.3014
12/03/2013,1.3023
13/03/2013,1.2949
14/03/2013,1.2974
15/03/2013,1.3076
18/03/2013,1.2956
19/03/2013,1.2888
20/03/2013,1.295
21/03/2013,1.2928
22/03/2013,1.2996
25/03/2013,1.2881
26/03/2013,1.2858
27/03/2013,1.2782
28/03/2013,1.2842
29/03/2013,1.2816
01/04/2013,1.2857
02/04/2013,1.2836
03/04/2013,1.2847
04/04/2013,1.2854
05/04/2013,1.3027
08/04/2013,1.3008
09/04/2013,1.3092
10/04/2013,1.306
11/04/2013,1.3124
12/04/2013,1.3094
15/04/2013,1.3082
16/04/2013,1.3141
17/04/2013,1.3049
18/04/2013,1.3072
19/04/2013,1.3066
22/04/2013,1.305
23/04/2013,1.3012
24/04/2013,1.2997
25/04/2013,1.3004
26/04/2013,1.3024
29/04/2013,1.309
30/04/2013,1.3168
01/05/2013,1.3192
02/05/2013,1.3066
03/05/2013,1.3112
06/05/2013,1.3067
07/05/2013,1.3085
08/05/2013,1.3177
09/05/2013,1.3105
10/05/2013,1.2955
13/05/2013,1.2981
14/05/2013,1.2969
15/05/2013,1.2857
16/05/2013,1.2898
17/05/2013,1.2818
20/05/2013,1.2865
21/05/2013,1.291
22/05/2013,1.2864
23/05/2013,1.2944
24/05/2013,1.292
28/05/2013,1.287
29/05/2013,1.2944
30/05/2013,1.3042
31/05/2013,1.2988
03/06/2013,1.3098
04/06/2013,1.3075
05/06/2013,1.3088
06/06/2013,1.3248
07/06/2013,1.3242
10/06/2013,1.3234
11/06/2013,1.3278
12/06/2013,1.3354
13/06/2013,1.3314
14/06/2013,1.333
17/06/2013,1.3341
18/06/2013,1.3407
19/06/2013,1.3404
20/06/2013,1.3214
21/06/2013,1.3113
24/06/2013,1.3091
25/06/2013,1.308
26/06/2013,1.3006
27/06/2013,1.3016
28/06/2013,1.301
01/07/2013,1.306
02/07/2013,1.3017
03/07/2013,1.3005
05/07/2013,1.2831
08/07/2013,1.2863
09/07/2013,1.2774
10/07/2013,1.2846
11/07/2013,1.3046
12/07/2013,1.3048
15/07/2013,1.3039
16/07/2013,1.3144
17/07/2013,1.3094
18/07/2013,1.3078
19/07/2013,1.3142
22/07/2013,1.3193
23/07/2013,1.3212
24/07/2013,1.3228
25/07/2013,1.3234
26/07/2013,1.3269
29/07/2013,1.3262
30/07/2013,1.3266
31/07/2013,1.3282
01/08/2013,1.3217
02/08/2013,1.3268
05/08/2013,1.3257
06/08/2013,1.3296
07/08/2013,1.3329
08/08/2013,1.3392
09/08/2013,1.3338
12/08/2013,1.3312
13/08/2013,1.3247
14/08/2013,1.3256
15/08/2013,1.3263
16/08/2013,1.3321
19/08/2013,1.3348
20/08/2013,1.3426
21/08/2013,1.3368
22/08/2013,1.3362
23/08/2013,1.3392
26/08/2013,1.3369
27/08/2013,1.3387
28/08/2013,1.3326
29/08/2013,1.3228
30/08/2013,1.3196
03/09/2013,1.3164
04/09/2013,1.3212
05/09/2013,1.312
06/09/2013,1.3166
09/09/2013,1.326
10/09/2013,1.326
11/09/2013,1.3301
12/09/2013,1.3315
13/09/2013,1.3276
16/09/2013,1.335
17/09/2013,1.3357
18/09/2013,1.3351
19/09/2013,1.3527
20/09/2013,1.3522
23/09/2013,1.352
24/09/2013,1.349
25/09/2013,1.3536
26/09/2013,1.3484
27/09/2013,1.3537
30/09/2013,1.3535
01/10/2013,1.3534
02/10/2013,1.3592
03/10/2013,1.3642
04/10/2013,1.3582
07/10/2013,1.3569
08/10/2013,1.3582
09/10/2013,1.3513
10/10/2013,1.3535
11/10/2013,1.3559
15/10/2013,1.3494
16/10/2013,1.349
17/10/2013,1.3664
18/10/2013,1.3693
21/10/2013,1.3672
22/10/2013,1.3778
23/10/2013,1.3786
24/10/2013,1.381
25/10/2013,1.3794
28/10/2013,1.3786
29/10/2013,1.377
30/10/2013,1.3771
31/10/2013,1.3594
01/11/2013,1.3488
04/11/2013,1.3516
05/11/2013,1.347
06/11/2013,1.353
07/11/2013,1.339
08/11/2013,1.3357
12/11/2013,1.3428
13/11/2013,1.3456
14/11/2013,1.3468
15/11/2013,1.348
18/11/2013,1.352
19/11/2013,1.3529
20/11/2013,1.3451
21/11/2013,1.347
22/11/2013,1.3547
25/11/2013,1.3502
26/11/2013,1.3555
27/11/2013,1.3563
29/11/2013,1.3606
02/12/2013,1.3552
03/12/2013,1.3604
04/12/2013,1.3555
05/12/2013,1.3664
06/12/2013,1.369
09/12/2013,1.3726
10/12/2013,1.3765
11/12/2013,1.3798
12/12/2013,1.3752
13/12/2013,1.3724
16/12/2013,1.3757
17/12/2013,1.3748
18/12/2013,1.3766
19/12/2013,1.3666
20/12/2013,1.3673
23/12/2013,1.3701
24/12/2013,1.3676
26/12/2013,1.369
27/12/2013,1.3766
30/12/2013,1.3816
31/12/2013,1.3779
02/01/2014,1.367
03/01/2014,1.3606
06/01/2014,1.3636
07/01/2014,1.3618
08/01/2014,1.3586
09/01/2014,1.3591
10/01/2014,1.3664
13/01/2014,1.3647
14/01/2014,1.3682
15/01/2014,1.3604
16/01/2014,1.36
17/01/2014,1.3554
21/01/2014,1.356
22/01/2014,1.3546
23/01/2014,1.368
24/01/2014,1.368
27/01/2014,1.3679
28/01/2014,1.3662
29/01/2014,1.3663
30/01/2014,1.3549
31/01/2014,1.35
03/02/2014,1.3523
04/02/2014,1.3507
05/02/2014,1.3519
06/02/2014,1.3604
07/02/2014,1.3614
10/02/2014,1.3644
11/02/2014,1.3654
12/02/2014,1.3592
13/02/2014,1.3669
14/02/2014,1.369
18/02/2014,1.3758
19/02/2014,1.3762
20/02/2014,1.369
21/02/2014,1.3722
24/02/2014,1.3744
25/02/2014,1.3749
26/02/2014,1.3668
27/02/2014,1.3724
28/02/2014,1.3806
03/03/2014,1.3763
04/03/2014,1.3731
05/03/2014,1.3734
06/03/2014,1.3848
07/03/2014,1.3868
10/03/2014,1.388
11/03/2014,1.3867
12/03/2014,1.3904
13/03/2014,1.3927
14/03/2014,1.3924
17/03/2014,1.3927
18/03/2014,1.3913
19/03/2014,1.391
20/03/2014,1.3784
21/03/2014,1.3783
24/03/2014,1.3784
25/03/2014,1.3777
26/03/2014,1.3786
27/03/2014,1.3752
28/03/2014,1.3753
31/03/2014,1.3777
01/04/2014,1.3804
02/04/2014,1.3761
03/04/2014,1.3708
04/04/2014,1.3704
07/04/2014,1.3745
08/04/2014,1.3802
09/04/2014,1.3816
10/04/2014,1.3892
11/04/2014,1.3898
14/04/2014,1.3824
15/04/2014,1.3806
16/04/2014,1.382
17/04/2014,1.3832
18/04/2014,1.3816
21/04/2014,1.379
22/04/2014,1.3804
23/04/2014,1.3814
24/04/2014,1.3828
25/04/2014,1.3838
28/04/2014,1.3844
29/04/2014,1.3808
30/04/2014,1.387
01/05/2014,1.3867
02/05/2014,1.3864
05/05/2014,1.3884
06/05/2014,1.3924
07/05/2014,1.3917
08/05/2014,1.3864
09/05/2014,1.3763
12/05/2014,1.376
13/05/2014,1.3711
14/05/2014,1.3718
15/05/2014,1.3712
16/05/2014,1.3708
19/05/2014,1.3716
20/05/2014,1.3702
21/05/2014,1.3657
22/05/2014,1.3652
23/05/2014,1.3628
27/05/2014,1.3618
28/05/2014,1.3596
29/05/2014,1.3608
30/05/2014,1.364
02/06/2014,1.3606
03/06/2014,1.3624
04/06/2014,1.3619
05/06/2014,1.3618
06/06/2014,1.3639
09/06/2014,1.3589
10/06/2014,1.3543
11/06/2014,1.3532
12/06/2014,1.3556
13/06/2014,1.3522
16/06/2014,1.3578
17/06/2014,1.3543
18/06/2014,1.3567
19/06/2014,1.362
20/06/2014,1.3586
23/06/2014,1.3593
24/06/2014,1.3588
25/06/2014,1.3638
26/06/2014,1.361
27/06/2014,1.3631
30/06/2014,1.369
01/07/2014,1.3681
02/07/2014,1.3656
03/07/2014,1.361
07/07/2014,1.3604
08/07/2014,1.3614
09/07/2014,1.363
10/07/2014,1.36
11/07/2014,1.3598
14/07/2014,1.362
15/07/2014,1.3573
16/07/2014,1.353
17/07/2014,1.353
18/07/2014,1.3515
21/07/2014,1.3524
22/07/2014,1.347
23/07/2014,1.3462
24/07/2014,1.3468
25/07/2014,1.3431
28/07/2014,1.344
29/07/2014,1.341
30/07/2014,1.3378
31/07/2014,1.339
01/08/2014,1.3436
04/08/2014,1.3414
05/08/2014,1.3366
06/08/2014,1.3355
07/08/2014,1.3362
08/08/2014,1.3412
11/08/2014,1.3385
12/08/2014,1.3357
13/08/2014,1.3367
14/08/2014,1.3376
15/08/2014,1.3392
18/08/2014,1.3358
19/08/2014,1.332
20/08/2014,1.3284
21/08/2014,1.3284
22/08/2014,1.3237
25/08/2014,1.3206
26/08/2014,1.3189
27/08/2014,1.3192
28/08/2014,1.3178
29/08/2014,1.315
02/09/2014,1.3124
03/09/2014,1.3136
04/09/2014,1.2926
05/09/2014,1.2956
08/09/2014,1.2948
09/09/2014,1.2909
10/09/2014,1.2908
11/09/2014,1.2936
12/09/2014,1.2955
15/09/2014,1.2951
16/09/2014,1.2976
17/09/2014,1.2958
18/09/2014,1.2913
19/09/2014,1.2835
22/09/2014,1.2829
23/09/2014,1.2858
24/09/2014,1.2788
25/09/2014,1.2748
26/09/2014,1.2686
29/09/2014,1.2703
30/09/2014,1.2628
01/10/2014,1.2618
02/10/2014,1.267
03/10/2014,1.2517
06/10/2014,1.2592
07/10/2014,1.2626
08/10/2014,1.2683
09/10/2014,1.2683
10/10/2014,1.2636
14/10/2014,1.266
15/10/2014,1.2778
16/10/2014,1.2812
17/10/2014,1.2755
20/10/2014,1.2783
21/10/2014,1.2724
22/10/2014,1.2658
23/10/2014,1.2658
24/10/2014,1.2675
27/10/2014,1.2712
28/10/2014,1.2747
29/10/2014,1.2762
30/10/2014,1.2622
31/10/2014,1.253
03/11/2014,1.2487
04/11/2014,1.2554
05/11/2014,1.2488
06/11/2014,1.2414
07/11/2014,1.2422
10/11/2014,1.2425
12/11/2014,1.2456
13/11/2014,1.2476
14/11/2014,1.2494
17/11/2014,1.2447
18/11/2014,1.2534
19/11/2014,1.2548
20/11/2014,1.2526
21/11/2014,1.2394
24/11/2014,1.2427
25/11/2014,1.2472
26/11/2014,1.2503
28/11/2014,1.2438
01/12/2014,1.249
02/12/2014,1.239
03/12/2014,1.2304
04/12/2014,1.2432
05/12/2014,1.2304
08/12/2014,1.2292
09/12/2014,1.2415
10/12/2014,1.2425
11/12/2014,1.2397
12/12/2014,1.2484
15/12/2014,1.247
16/12/2014,1.2504
17/12/2014,1.2406
18/12/2014,1.2291
19/12/2014,1.2235
22/12/2014,1.2252
23/12/2014,1.218
24/12/2014,1.2188
29/12/2014,1.2179
30/12/2014,1.2174
31/12/2014,1.2101
02/01/2015,1.2015
05/01/2015,1.1918
06/01/2015,1.1936
07/01/2015,1.182
08/01/2015,1.1811
09/01/2015,1.183
12/01/2015,1.1832
13/01/2015,1.1779
14/01/2015,1.1806
15/01/2015,1.1598
16/01/2015,1.1517
20/01/2015,1.1559
21/01/2015,1.1584
22/01/2015,1.1414
23/01/2015,1.1279
26/01/2015,1.129
27/01/2015,1.137
28/01/2015,1.1342
29/01/2015,1.1308
30/01/2015,1.129
02/02/2015,1.1337
03/02/2015,1.1462
04/02/2015,1.1418
05/02/2015,1.1432
06/02/2015,1.133
09/02/2015,1.1316
10/02/2015,1.1316
11/02/2015,1.13
12/02/2015,1.141
13/02/2015,1.1408
17/02/2015,1.1395
18/02/2015,1.1342
19/02/2015,1.1392
20/02/2015,1.1372
23/02/2015,1.1346
24/02/2015,1.1307
25/02/2015,1.1363
26/02/2015,1.1212
27/02/2015,1.1197
02/03/2015,1.119
03/03/2015,1.1212
04/03/2015,1.107
05/03/2015,1.1006
06/03/2015,1.0855
09/03/2015,1.0846
10/03/2015,1.0707
11/03/2015,1.0576
12/03/2015,1.0615
13/03/2015,1.0524
16/03/2015,1.0575
17/03/2015,1.0605
18/03/2015,1.0643
19/03/2015,1.0621
20/03/2015,1.0792
23/03/2015,1.0928
24/03/2015,1.0908
25/03/2015,1.0986
26/03/2015,1.0919
27/03/2015,1.0891
30/03/2015,1.0818
31/03/2015,1.0741
01/04/2015,1.0768
02/04/2015,1.0874
03/04/2015,1.099
06/04/2015,1.1008
07/04/2015,1.085
08/04/2015,1.0818
09/04/2015,1.0671
10/04/2015,1.0598
13/04/2015,1.0582
14/04/2015,1.0672
15/04/2015,1.0596
16/04/2015,1.0742
17/04/2015,1.078
20/04/2015,1.0763
21/04/2015,1.0758
22/04/2015,1.0729
23/04/2015,1.0803
24/04/2015,1.0876
27/04/2015,1.0892
28/04/2015,1.0979
29/04/2015,1.1174
30/04/2015,1.1162
01/05/2015,1.1194
04/05/2015,1.1145
05/05/2015,1.1174
06/05/2015,1.1345
07/05/2015,1.1283
08/05/2015,1.1241
11/05/2015,1.1142
12/05/2015,1.124
13/05/2015,1.1372
14/05/2015,1.1368
15/05/2015,1.1428
18/05/2015,1.1354
19/05/2015,1.1151
20/05/2015,1.1079
21/05/2015,1.1126
22/05/2015,1.1033
26/05/2015,1.0876
27/05/2015,1.0888
28/05/2015,1.0914
29/05/2015,1.0994
01/06/2015,1.0913
02/06/2015,1.113
03/06/2015,1.1285
04/06/2015,1.1271
05/06/2015,1.1108
08/06/2015,1.1232
09/06/2015,1.1284
10/06/2015,1.1307
11/06/2015,1.1236
12/06/2015,1.1278
15/06/2015,1.1266
16/06/2015,1.1238
17/06/2015,1.1244
18/06/2015,1.1404
19/06/2015,1.1335
22/06/2015,1.1378
23/06/2015,1.119
24/06/2015,1.1178
25/06/2015,1.1196
26/06/2015,1.1156
29/06/2015,1.118
30/06/2015,1.1154
01/07/2015,1.1084
02/07/2015,1.109
06/07/2015,1.1076
07/07/2015,1.0952
08/07/2015,1.1072
09/07/2015,1.1025
10/07/2015,1.115
13/07/2015,1.102
14/07/2015,1.1015
15/07/2015,1.0965
16/07/2015,1.0898
17/07/2015,1.0848
20/07/2015,1.085
21/07/2015,1.0927
22/07/2015,1.0884
23/07/2015,1.0976
24/07/2015,1.0976
27/07/2015,1.1112
28/07/2015,1.1055
29/07/2015,1.1026
30/07/2015,1.0914
31/07/2015,1.1028
03/08/2015,1.0962
04/08/2015,1.0953
05/08/2015,1.0868
06/08/2015,1.0922
07/08/2015,1.0958
10/08/2015,1.0994
11/08/2015,1.1042
12/08/2015,1.1198
13/08/2015,1.1144
14/08/2015,1.111
17/08/2015,1.1078
18/08/2015,1.1028
19/08/2015,1.1061
20/08/2015,1.12
21/08/2015,1.1356
24/08/2015,1.158
25/08/2015,1.141
26/08/2015,1.139
27/08/2015,1.1239
28/08/2015,1.1172
31/08/2015,1.1194
01/09/2015,1.1263
02/09/2015,1.1242
03/09/2015,1.1104
04/09/2015,1.1117
08/09/2015,1.1182
09/09/2015,1.1165
10/09/2015,1.1262
11/09/2015,1.1338
14/09/2015,1.1307
15/09/2015,1.126
16/09/2015,1.1304
17/09/2015,1.1312
18/09/2015,1.1358
21/09/2015,1.1204
22/09/2015,1.1133
23/09/2015,1.116
24/09/2015,1.1252
25/09/2015,1.1192
28/09/2015,1.1236
29/09/2015,1.1246
30/09/2015,1.1162
01/10/2015,1.12
02/10/2015,1.1276
05/10/2015,1.12
06/10/2015,1.1266
07/10/2015,1.1249
08/10/2015,1.1282
09/10/2015,1.1363
13/10/2015,1.1382
14/10/2015,1.1437
15/10/2015,1.1418
16/10/2015,1.136
19/10/2015,1.132
20/10/2015,1.1359
21/10/2015,1.1345
22/10/2015,1.114
23/10/2015,1.1016
26/10/2015,1.1051
27/10/2015,1.1052
28/10/2015,1.1066
29/10/2015,1.0963
30/10/2015,1.1042
02/11/2015,1.1026
03/11/2015,1.0946
04/11/2015,1.0861
05/11/2015,1.0869
06/11/2015,1.0746
09/11/2015,1.0767
10/11/2015,1.0686
12/11/2015,1.0768
13/11/2015,1.0722
16/11/2015,1.0708
17/11/2015,1.0634
18/11/2015,1.0638
19/11/2015,1.0746
20/11/2015,1.066
23/11/2015,1.0602
24/11/2015,1.0652
25/11/2015,1.0616
27/11/2015,1.0596
30/11/2015,1.0562
01/12/2015,1.062
02/12/2015,1.0573
03/12/2015,1.0902
04/12/2015,1.0884
07/12/2015,1.084
08/12/2015,1.0876
09/12/2015,1.0984
10/12/2015,1.0948
11/12/2015,1.1002
14/12/2015,1.1025
15/12/2015,1.0911
16/12/2015,1.0937
17/12/2015,1.0804
18/12/2015,1.0847
21/12/2015,1.092
22/12/2015,1.0978
23/12/2015,1.0875
24/12/2015,1.0955
28/12/2015,1.0983
29/12/2015,1.0916
30/12/2015,1.0912
31/12/2015,1.0859
04/01/2016,1.0803
05/01/2016,1.0743
06/01/2016,1.0762
07/01/2016,1.086
08/01/2016,1.0885
11/01/2016,1.0878
12/01/2016,1.0837
13/01/2016,1.0862
14/01/2016,1.0862
15/01/2016,1.0964
19/01/2016,1.0906
20/01/2016,1.0908
21/01/2016,1.0833
22/01/2016,1.0814
25/01/2016,1.0832
26/01/2016,1.0846
27/01/2016,1.0867
28/01/2016,1.0952
29/01/2016,1.0832
01/02/2016,1.0888
02/02/2016,1.0908
03/02/2016,1.1051
04/02/2016,1.1199
05/02/2016,1.1131
08/02/2016,1.117
09/02/2016,1.13
10/02/2016,1.1222
11/02/2016,1.1362
12/02/2016,1.1235
16/02/2016,1.114
17/02/2016,1.114
18/02/2016,1.1092
19/02/2016,1.1127
22/02/2016,1.1018
23/02/2016,1.1016
24/02/2016,1.1021
25/02/2016,1.1026
26/02/2016,1.0932
29/02/2016,1.0868
01/03/2016,1.0847
02/03/2016,1.0845
03/03/2016,1.0948
04/03/2016,1.101
07/03/2016,1.1004
08/03/2016,1.1028
09/03/2016,1.1022
10/03/2016,1.1162
11/03/2016,1.118
14/03/2016,1.1107
15/03/2016,1.1112
16/03/2016,1.1075
17/03/2016,1.1316
18/03/2016,1.1292
21/03/2016,1.126
22/03/2016,1.1228
23/03/2016,1.1174
24/03/2016,1.1163
25/03/2016,1.1164
28/03/2016,1.121
29/03/2016,1.1204
30/03/2016,1.133
31/03/2016,1.139
01/04/2016,1.1385
04/04/2016,1.1386
05/04/2016,1.1374
06/04/2016,1.143
07/04/2016,1.1386
08/04/2016,1.1406
11/04/2016,1.1412
12/04/2016,1.1395
13/04/2016,1.1281
14/04/2016,1.1262
15/04/2016,1.1295
18/04/2016,1.1322
19/04/2016,1.1375
20/04/2016,1.133
21/04/2016,1.1301
22/04/2016,1.1239
25/04/2016,1.1274
26/04/2016,1.1318
27/04/2016,1.1322
28/04/2016,1.1325
29/04/2016,1.1441
02/05/2016,1.1516
03/05/2016,1.1508
04/05/2016,1.1486
05/05/2016,1.1404
06/05/2016,1.1421
09/05/2016,1.1402
10/05/2016,1.1386
11/05/2016,1.1444
12/05/2016,1.138
13/05/2016,1.1294
16/05/2016,1.1328
17/05/2016,1.1337
18/05/2016,1.1276
19/05/2016,1.1214
20/05/2016,1.1207
23/05/2016,1.1192
24/05/2016,1.1145
25/05/2016,1.1154
26/05/2016,1.1184
27/05/2016,1.114
31/05/2016,1.1135
01/06/2016,1.1165
02/06/2016,1.1157
03/06/2016,1.133
06/06/2016,1.1354
07/06/2016,1.135
08/06/2016,1.14
09/06/2016,1.1329
10/06/2016,1.1281
13/06/2016,1.1282
14/06/2016,1.1206
15/06/2016,1.1239
16/06/2016,1.1158
17/06/2016,1.1256
20/06/2016,1.1318
21/06/2016,1.1262
22/06/2016,1.1286
23/06/2016,1.1373
24/06/2016,1.1126
27/06/2016,1.1024
28/06/2016,1.1054
29/06/2016,1.1117
30/06/2016,1.1032
01/07/2016,1.1145
05/07/2016,1.108
06/07/2016,1.1077
07/07/2016,1.1065
08/07/2016,1.1038
11/07/2016,1.1045
12/07/2016,1.1074
13/07/2016,1.1112
14/07/2016,1.1109
15/07/2016,1.1059
18/07/2016,1.1076
19/07/2016,1.1014
20/07/2016,1.1007
21/07/2016,1.1016
22/07/2016,1.0968
25/07/2016,1.098
26/07/2016,1.0984
27/07/2016,1.0988
28/07/2016,1.1094
29/07/2016,1.1168
01/08/2016,1.1176
02/08/2016,1.1225
03/08/2016,1.117
04/08/2016,1.1134
05/08/2016,1.108
08/08/2016,1.1078
09/08/2016,1.111
10/08/2016,1.1171
11/08/2016,1.1168
12/08/2016,1.1172
15/08/2016,1.1199
16/08/2016,1.1277
17/08/2016,1.1263
18/08/2016,1.1334
19/08/2016,1.1326
22/08/2016,1.1314
23/08/2016,1.1308
24/08/2016,1.1256
25/08/2016,1.1274
26/08/2016,1.1237
29/08/2016,1.1182
30/08/2016,1.115
31/08/2016,1.1146
01/09/2016,1.1194
02/09/2016,1.1158
06/09/2016,1.1237
07/09/2016,1.1238
08/09/2016,1.1256
09/09/2016,1.1214
12/09/2016,1.123
13/09/2016,1.1242
14/09/2016,1.1271
15/09/2016,1.1246
16/09/2016,1.116
19/09/2016,1.1179
20/09/2016,1.1172
21/09/2016,1.1165
22/09/2016,1.1229
23/09/2016,1.1223
26/09/2016,1.127
27/09/2016,1.1208
28/09/2016,1.12
29/09/2016,1.1244
30/09/2016,1.1238
03/10/2016,1.121
04/10/2016,1.1212
05/10/2016,1.1196
06/10/2016,1.1158
07/10/2016,1.1156
11/10/2016,1.1062
12/10/2016,1.1014
13/10/2016,1.1038
14/10/2016,1.0985
17/10/2016,1.1
18/10/2016,1.0997
19/10/2016,1.0966
20/10/2016,1.0934
21/10/2016,1.0866
24/10/2016,1.0888
25/10/2016,1.089
26/10/2016,1.0916
27/10/2016,1.0904
28/10/2016,1.0934
31/10/2016,1.0962
01/11/2016,1.1042
02/11/2016,1.1119
03/11/2016,1.1094
04/11/2016,1.1121
07/11/2016,1.1038
08/11/2016,1.1034
09/11/2016,1.0952
10/11/2016,1.0882
14/11/2016,1.0723
15/11/2016,1.0726
16/11/2016,1.0699
17/11/2016,1.0656
18/11/2016,1.06
21/11/2016,1.0597
22/11/2016,1.0618
23/11/2016,1.056
25/11/2016,1.0595
28/11/2016,1.0576
29/11/2016,1.0626
30/11/2016,1.0578
01/12/2016,1.0634
02/12/2016,1.0666
05/12/2016,1.0723
06/12/2016,1.0717
07/12/2016,1.0758
08/12/2016,1.0625
09/12/2016,1.0541
12/12/2016,1.0606
13/12/2016,1.0635
14/12/2016,1.0656
15/12/2016,1.0375
16/12/2016,1.0456
19/12/2016,1.0444
20/12/2016,1.039
21/12/2016,1.0425
22/12/2016,1.0452
23/12/2016,1.0449
27/12/2016,1.0458
28/12/2016,1.0389
29/12/2016,1.0486
30/12/2016,1.0552
03/01/2017,1.0416
04/01/2017,1.0476
05/01/2017,1.0598
06/01/2017,1.056
09/01/2017,1.0576
10/01/2017,1.0572
11/01/2017,1.0501
12/01/2017,1.0666
13/01/2017,1.0625
17/01/2017,1.0695
18/01/2017,1.0682
19/01/2017,1.063
23/01/2017,1.074
24/01/2017,1.0749
25/01/2017,1.0743
26/01/2017,1.067
27/01/2017,1.069
30/01/2017,1.0681
31/01/2017,1.0794
01/02/2017,1.0758
02/02/2017,1.0802
03/02/2017,1.0792
06/02/2017,1.0731
07/02/2017,1.069
08/02/2017,1.0708
09/02/2017,1.0658
10/02/2017,1.065
13/02/2017,1.0603
14/02/2017,1.0577
15/02/2017,1.0597
16/02/2017,1.066
17/02/2017,1.0614
21/02/2017,1.0551
22/02/2017,1.0555
23/02/2017,1.0586
24/02/2017,1.058
27/02/2017,1.0624
28/02/2017,1.0618
01/03/2017,1.0564
02/03/2017,1.0514
03/03/2017,1.0552
06/03/2017,1.0586
07/03/2017,1.0582
08/03/2017,1.0547
09/03/2017,1.0586
10/03/2017,1.0667
13/03/2017,1.067
14/03/2017,1.0645
15/03/2017,1.063
16/03/2017,1.0738
17/03/2017,1.0742
20/03/2017,1.0754
21/03/2017,1.081
22/03/2017,1.08
23/03/2017,1.0787
24/03/2017,1.0806
27/03/2017,1.0882
28/03/2017,1.0852
29/03/2017,1.0756
30/03/2017,1.0726
31/03/2017,1.0698
03/04/2017,1.0655
04/04/2017,1.0664
05/04/2017,1.0661
06/04/2017,1.0651
07/04/2017,1.0616
10/04/2017,1.0606
11/04/2017,1.0614
12/04/2017,1.0611
13/04/2017,1.063
14/04/2017,1.0625
17/04/2017,1.066
18/04/2017,1.0706
19/04/2017,1.0707
20/04/2017,1.0758
21/04/2017,1.0694
24/04/2017,1.0846
25/04/2017,1.0941
26/04/2017,1.0872
27/04/2017,1.0864
28/04/2017,1.0895
01/05/2017,1.0912
02/05/2017,1.091
03/05/2017,1.092
04/05/2017,1.0967
05/05/2017,1.0996
08/05/2017,1.0928
09/05/2017,1.0875
10/05/2017,1.0873
11/05/2017,1.0869
12/05/2017,1.0926
15/05/2017,1.0979
16/05/2017,1.1072
17/05/2017,1.1134
18/05/2017,1.113
19/05/2017,1.119
22/05/2017,1.1236
23/05/2017,1.1198
24/05/2017,1.1175
25/05/2017,1.1218
26/05/2017,1.117
30/05/2017,1.1183
31/05/2017,1.1236
01/06/2017,1.1214
02/06/2017,1.127
05/06/2017,1.125
06/06/2017,1.1266
07/06/2017,1.1236
08/06/2017,1.1217
09/06/2017,1.119
12/06/2017,1.1204
13/06/2017,1.1194
14/06/2017,1.1277
15/06/2017,1.1152
16/06/2017,1.1194
19/06/2017,1.116
20/06/2017,1.1124
21/06/2017,1.1143
22/06/2017,1.1148
23/06/2017,1.1196
26/06/2017,1.1196
27/06/2017,1.13
28/06/2017,1.1364
29/06/2017,1.142
30/06/2017,1.1411
03/07/2017,1.1367
05/07/2017,1.1336
06/07/2017,1.1409
07/07/2017,1.1396
10/07/2017,1.1396
11/07/2017,1.143
12/07/2017,1.1411
13/07/2017,1.1385
14/07/2017,1.1452
17/07/2017,1.147
18/07/2017,1.1578
19/07/2017,1.1518
20/07/2017,1.1634
21/07/2017,1.1655
24/07/2017,1.1642
25/07/2017,1.1656
26/07/2017,1.1632
27/07/2017,1.1656
28/07/2017,1.1754
31/07/2017,1.1826
01/08/2017,1.1799
02/08/2017,1.1861
03/08/2017,1.188
04/08/2017,1.1754
07/08/2017,1.1788
08/08/2017,1.1724
09/08/2017,1.1748
10/08/2017,1.1751
11/08/2017,1.1811
14/08/2017,1.1786
15/08/2017,1.1736
16/08/2017,1.1703
17/08/2017,1.1736
18/08/2017,1.1748
21/08/2017,1.1814
22/08/2017,1.1762
23/08/2017,1.1802
24/08/2017,1.1801
25/08/2017,1.1874
28/08/2017,1.1973
29/08/2017,1.2025
30/08/2017,1.1927
31/08/2017,1.1894
01/09/2017,1.1878
05/09/2017,1.1911
06/09/2017,1.1943
07/09/2017,1.2028
08/09/2017,1.2041
11/09/2017,1.1964
12/09/2017,1.1968
13/09/2017,1.1898
14/09/2017,1.1886
15/09/2017,1.1959
18/09/2017,1.1938
19/09/2017,1.198
20/09/2017,1.1998
21/09/2017,1.1946
22/09/2017,1.1969
25/09/2017,1.1852
26/09/2017,1.1772
27/09/2017,1.1747
28/09/2017,1.1776
29/09/2017,1.1813
02/10/2017,1.1745
03/10/2017,1.1759
04/10/2017,1.176
05/10/2017,1.1706
06/10/2017,1.1732
10/10/2017,1.1804
11/10/2017,1.1847
12/10/2017,1.184
13/10/2017,1.1837
16/10/2017,1.181
17/10/2017,1.1754
18/10/2017,1.1775
19/10/2017,1.1842
20/10/2017,1.177
23/10/2017,1.1762
24/10/2017,1.1766
25/10/2017,1.1802
26/10/2017,1.17
27/10/2017,1.158
30/10/2017,1.1626
31/10/2017,1.1648
01/11/2017,1.1618
02/11/2017,1.1672
03/11/2017,1.1616
06/11/2017,1.16
07/11/2017,1.1577
08/11/2017,1.1591
09/11/2017,1.1648
13/11/2017,1.1656
14/11/2017,1.1764
15/11/2017,1.1794
16/11/2017,1.1772
17/11/2017,1.1799
20/11/2017,1.1741
21/11/2017,1.1741
22/11/2017,1.1789
24/11/2017,1.1936
27/11/2017,1.1911
28/11/2017,1.1878
29/11/2017,1.1858
30/11/2017,1.1898
01/12/2017,1.191
04/12/2017,1.1848
05/12/2017,1.182
06/12/2017,1.1788
07/12/2017,1.179
08/12/2017,1.1761
11/12/2017,1.1802
12/12/2017,1.1725
13/12/2017,1.1762
14/12/2017,1.1778
15/12/2017,1.1778
18/12/2017,1.1804
19/12/2017,1.1822
20/12/2017,1.1881
21/12/2017,1.1872
22/12/2017,1.1839
26/12/2017,1.1867
27/12/2017,1.1902
28/12/2017,1.1952
29/12/2017,1.2022
02/01/2018,1.205
03/01/2018,1.203
04/01/2018,1.2064
05/01/2018,1.2039
08/01/2018,1.1973
09/01/2018,1.1922
10/01/2018,1.1958
11/01/2018,1.2035
12/01/2018,1.213
16/01/2018,1.2244
17/01/2018,1.2229
18/01/2018,1.2238
19/01/2018,1.2238
22/01/2018,1.223
23/01/2018,1.2277
24/01/2018,1.239
25/01/2018,1.2488
26/01/2018,1.2422
29/01/2018,1.2352
30/01/2018,1.239
31/01/2018,1.2428
01/02/2018,1.2482
02/02/2018,1.2446
05/02/2018,1.2418
06/02/2018,1.2381
07/02/2018,1.2281
08/02/2018,1.2238
09/02/2018,1.2226
12/02/2018,1.2267
13/02/2018,1.2363
14/02/2018,1.2396
15/02/2018,1.2482
16/02/2018,1.2442
20/02/2018,1.2348
21/02/2018,1.2314
22/02/2018,1.2326
23/02/2018,1.2298
26/02/2018,1.2296
27/02/2018,1.2239
28/02/2018,1.2211
01/03/2018,1.2216
02/03/2018,1.2314
05/03/2018,1.233
06/03/2018,1.2415
07/03/2018,1.2397
08/03/2018,1.2314
09/03/2018,1.2326
12/03/2018,1.2318
13/03/2018,1.2398
14/03/2018,1.2362
15/03/2018,1.2321
16/03/2018,1.228
19/03/2018,1.2329
20/03/2018,1.2271
21/03/2018,1.2268
22/03/2018,1.231
23/03/2018,1.236
26/03/2018,1.244
27/03/2018,1.241
28/03/2018,1.2351
29/03/2018,1.2297
30/03/2018,1.232
02/04/2018,1.2288
03/04/2018,1.2261
04/04/2018,1.2292
05/04/2018,1.223
06/04/2018,1.2274
09/04/2018,1.232
10/04/2018,1.2338
11/04/2018,1.2384
12/04/2018,1.232
13/04/2018,1.2322
16/04/2018,1.2373
17/04/2018,1.2345
18/04/2018,1.238
19/04/2018,1.2336
20/04/2018,1.2282
23/04/2018,1.2216
24/04/2018,1.2226
25/04/2018,1.2178
26/04/2018,1.2113
27/04/2018,1.2108
30/04/2018,1.2074
01/05/2018,1.2
02/05/2018,1.1968
03/05/2018,1.197
04/05/2018,1.1946
07/05/2018,1.1927
08/05/2018,1.1863
09/05/2018,1.1852
10/05/2018,1.1896
11/05/2018,1.1951
14/05/2018,1.1976
15/05/2018,1.1864
16/05/2018,1.1788
17/05/2018,1.1798
18/05/2018,1.1775
21/05/2018,1.1768
22/05/2018,1.1783
23/05/2018,1.1693
24/05/2018,1.1729
25/05/2018,1.1666
29/05/2018,1.1551
30/05/2018,1.1664
31/05/2018,1.167
01/06/2018,1.1679
04/06/2018,1.1696
05/06/2018,1.1672
06/06/2018,1.1778
07/06/2018,1.1815
08/06/2018,1.1773
11/06/2018,1.1802
12/06/2018,1.1792
13/06/2018,1.1784
14/06/2018,1.1634
15/06/2018,1.1616
18/06/2018,1.1606
19/06/2018,1.1577
20/06/2018,1.1592
21/06/2018,1.16
22/06/2018,1.163
25/06/2018,1.1694
26/06/2018,1.1675
27/06/2018,1.1588
28/06/2018,1.1582
29/06/2018,1.1677
02/07/2018,1.1604
03/07/2018,1.1653
05/07/2018,1.1697
06/07/2018,1.1738
09/07/2018,1.1744
10/07/2018,1.1728
11/07/2018,1.1722
12/07/2018,1.1692
13/07/2018,1.1667
16/07/2018,1.171
17/07/2018,1.1664
18/07/2018,1.1645
19/07/2018,1.1604
20/07/2018,1.1708
23/07/2018,1.1702
24/07/2018,1.1684
25/07/2018,1.1677
26/07/2018,1.1654
27/07/2018,1.166
30/07/2018,1.1718
31/07/2018,1.1706
01/08/2018,1.1666
02/08/2018,1.1612
03/08/2018,1.1597
06/08/2018,1.1564
07/08/2018,1.1597
08/08/2018,1.1598
09/08/2018,1.1566
10/08/2018,1.1399
13/08/2018,1.1396
14/08/2018,1.1351
15/08/2018,1.1332
16/08/2018,1.1388
17/08/2018,1.141
20/08/2018,1.1438
21/08/2018,1.1534
22/08/2018,1.1595
23/08/2018,1.1567
24/08/2018,1.1625
27/08/2018,1.1676
28/08/2018,1.172
29/08/2018,1.1699
30/08/2018,1.1646
31/08/2018,1.1596
04/09/2018,1.1566
05/09/2018,1.162
06/09/2018,1.1624
07/09/2018,1.1572
10/09/2018,1.1604
11/09/2018,1.1591
12/09/2018,1.1626
13/09/2018,1.1672
14/09/2018,1.1656
17/09/2018,1.1687
18/09/2018,1.1693
19/09/2018,1.1685
20/09/2018,1.1744
21/09/2018,1.1739
24/09/2018,1.1773
25/09/2018,1.177
26/09/2018,1.1758
27/09/2018,1.167
28/09/2018,1.1622
01/10/2018,1.1567
02/10/2018,1.156
03/10/2018,1.1525
04/10/2018,1.1508
05/10/2018,1.1502
09/10/2018,1.1482
10/10/2018,1.1541
11/10/2018,1.1565
12/10/2018,1.1559
15/10/2018,1.1594
16/10/2018,1.1593
17/10/2018,1.154
18/10/2018,1.1494
19/10/2018,1.1513
22/10/2018,1.1467
23/10/2018,1.148
24/10/2018,1.1389
25/10/2018,1.1374
26/10/2018,1.1388
29/10/2018,1.139
30/10/2018,1.1364
31/10/2018,1.1332
01/11/2018,1.1396
02/11/2018,1.1378
05/11/2018,1.1394
06/11/2018,1.1412
07/11/2018,1.1459
08/11/2018,1.1416
09/11/2018,1.1325
13/11/2018,1.1288
14/11/2018,1.1312
15/11/2018,1.1324
16/11/2018,1.1402
19/11/2018,1.1448
20/11/2018,1.1391
21/11/2018,1.1393
23/11/2018,1.1332
26/11/2018,1.1336
27/11/2018,1.1281
28/11/2018,1.1286
29/11/2018,1.1382
30/11/2018,1.1323
03/12/2018,1.1356
04/12/2018,1.1345
06/12/2018,1.1374
07/12/2018,1.139
10/12/2018,1.1368
11/12/2018,1.1314
12/12/2018,1.1362
13/12/2018,1.1358
14/12/2018,1.13
17/12/2018,1.1339
18/12/2018,1.1364
19/12/2018,1.1422
20/12/2018,1.1432
21/12/2018,1.1402
26/12/2018,1.1408
27/12/2018,1.1412
28/12/2018,1.1445
31/12/2018,1.1456
02/01/2019,1.1357
03/01/2019,1.1399
04/01/2019,1.141
07/01/2019,1.1468
08/01/2019,1.1444
09/01/2019,1.1524
10/01/2019,1.1517
11/01/2019,1.1479
15/01/2019,1.1392
16/01/2019,1.1408
17/01/2019,1.1386
18/01/2019,1.1362
22/01/2019,1.1359
23/01/2019,1.139
24/01/2019,1.1322
25/01/2019,1.1407
28/01/2019,1.1438
29/01/2019,1.1424
30/01/2019,1.1418
31/01/2019,1.1454
01/02/2019,1.1474
04/02/2019,1.1438
05/02/2019,1.1406
06/02/2019,1.138
07/02/2019,1.1357
08/02/2019,1.1326
11/02/2019,1.1277
12/02/2019,1.1316
13/02/2019,1.1288
14/02/2019,1.1284
15/02/2019,1.1268
19/02/2019,1.1328
21/02/2019,1.1338
22/02/2019,1.1342
25/02/2019,1.1345
26/02/2019,1.1374
27/02/2019,1.137
28/02/2019,1.1379
01/03/2019,1.1376
04/03/2019,1.1328
05/03/2019,1.13
06/03/2019,1.132
07/03/2019,1.1214
08/03/2019,1.1243
11/03/2019,1.1226
12/03/2019,1.1276
13/03/2019,1.131
14/03/2019,1.1304
15/03/2019,1.1326
18/03/2019,1.1337
19/03/2019,1.1346
20/03/2019,1.1352
21/03/2019,1.1361
22/03/2019,1.1282
25/03/2019,1.1324
26/03/2019,1.128
27/03/2019,1.125
28/03/2019,1.1236
29/03/2019,1.1228
01/04/2019,1.121
02/04/2019,1.1186
03/04/2019,1.1242
04/04/2019,1.1216
05/04/2019,1.1217
08/04/2019,1.1262
09/04/2019,1.1278
10/04/2019,1.1266
11/04/2019,1.1262
12/04/2019,1.1304
15/04/2019,1.1304
16/04/2019,1.1293
17/04/2019,1.1297
18/04/2019,1.1241
19/04/2019,1.1246
22/04/2019,1.1258
23/04/2019,1.1213
24/04/2019,1.1192
25/04/2019,1.114
26/04/2019,1.1154
29/04/2019,1.1166
30/04/2019,1.1201
01/05/2019,1.1246
02/05/2019,1.1184
03/05/2019,1.1186
06/05/2019,1.1197
07/05/2019,1.1178
08/05/2019,1.1206
09/05/2019,1.1228
10/05/2019,1.1241
13/05/2019,1.1232
14/05/2019,1.1207
15/05/2019,1.1208
16/05/2019,1.1178
17/05/2019,1.1166
20/05/2019,1.117
21/05/2019,1.1158
22/05/2019,1.1156
23/05/2019,1.1172
24/05/2019,1.1197
28/05/2019,1.1177
29/05/2019,1.1136
30/05/2019,1.114
31/05/2019,1.1149
03/06/2019,1.1206
04/06/2019,1.1236
05/06/2019,1.1242
06/06/2019,1.1294
07/06/2019,1.1324
10/06/2019,1.1311
11/06/2019,1.1316
12/06/2019,1.131
13/06/2019,1.1275
14/06/2019,1.1217
17/06/2019,1.1235
18/06/2019,1.1196
19/06/2019,1.1214
20/06/2019,1.1284
21/06/2019,1.1328
24/06/2019,1.1393
25/06/2019,1.1386
26/06/2019,1.139
27/06/2019,1.1372
28/06/2019,1.1374
01/07/2019,1.1307
02/07/2019,1.1301
03/07/2019,1.1275
05/07/2019,1.1216
08/07/2019,1.1208
09/07/2019,1.121
10/07/2019,1.126
11/07/2019,1.1261
12/07/2019,1.1254
15/07/2019,1.126
16/07/2019,1.1212
17/07/2019,1.1232
18/07/2019,1.1228
19/07/2019,1.122
22/07/2019,1.1214
23/07/2019,1.1156
24/07/2019,1.1141
25/07/2019,1.1156
26/07/2019,1.1121
29/07/2019,1.1142
30/07/2019,1.1148
31/07/2019,1.113
01/08/2019,1.1062
02/08/2019,1.1112
05/08/2019,1.1197
06/08/2019,1.1196
07/08/2019,1.1236
08/08/2019,1.121
09/08/2019,1.1222
12/08/2019,1.1212
13/08/2019,1.1182
14/08/2019,1.1144
15/08/2019,1.1106
16/08/2019,1.1091
19/08/2019,1.1096
20/08/2019,1.1092
21/08/2019,1.1098
22/08/2019,1.1089
23/08/2019,1.1148
26/08/2019,1.1112
27/08/2019,1.1094
28/08/2019,1.1084
29/08/2019,1.1059
30/08/2019,1.0989
03/09/2019,1.0968
04/09/2019,1.1025
05/09/2019,1.1038
06/09/2019,1.1042
09/09/2019,1.1056
10/09/2019,1.1042
11/09/2019,1.1001
12/09/2019,1.1074
13/09/2019,1.1074
16/09/2019,1.1006
17/09/2019,1.1063
18/09/2019,1.1061
19/09/2019,1.1046
20/09/2019,1.1004
23/09/2019,1.0991
24/09/2019,1.0999
25/09/2019,1.0949
26/09/2019,1.0938
27/09/2019,1.0942
30/09/2019,1.0905
01/10/2019,1.0932
02/10/2019,1.0951
03/10/2019,1.0991
04/10/2019,1.0974
07/10/2019,1.0984
08/10/2019,1.0949
09/10/2019,1.0978
10/10/2019,1.1018
11/10/2019,1.1039
15/10/2019,1.1036
16/10/2019,1.1075
17/10/2019,1.1129
18/10/2019,1.1155
21/10/2019,1.1145
22/10/2019,1.1138
23/10/2019,1.1118
24/10/2019,1.1098
25/10/2019,1.1081
28/10/2019,1.1094
29/10/2019,1.1117
30/10/2019,1.1123
31/10/2019,1.1155
01/11/2019,1.1169
04/11/2019,1.1144
05/11/2019,1.107
06/11/2019,1.1076
07/11/2019,1.1045
08/11/2019,1.1019
12/11/2019,1.1017
13/11/2019,1.1004
14/11/2019,1.1016
15/11/2019,1.1046
18/11/2019,1.1079
19/11/2019,1.1075
20/11/2019,1.1063
21/11/2019,1.1067
22/11/2019,1.1029
25/11/2019,1.1009
26/11/2019,1.1012
27/11/2019,1.1002
29/11/2019,1.1019
02/12/2019,1.1075
03/12/2019,1.1089
04/12/2019,1.1076
05/12/2019,1.1104
06/12/2019,1.1052
09/12/2019,1.1067
10/12/2019,1.109
11/12/2019,1.1092
12/12/2019,1.1115
13/12/2019,1.1128
16/12/2019,1.1139
17/12/2019,1.1148
18/12/2019,1.1113
19/12/2019,1.1128
20/12/2019,1.1076
23/12/2019,1.1091
24/12/2019,1.1084
26/12/2019,1.1102
27/12/2019,1.1174
30/12/2019,1.1217
31/12/2019,1.1227
02/01/2020,1.1166
03/01/2020,1.1173
06/01/2020,1.1187
07/01/2020,1.1138
08/01/2020,1.1117
09/01/2020,1.1106
10/01/2020,1.1119
13/01/2020,1.1138
14/01/2020,1.113
15/01/2020,1.116
16/01/2020,1.1131
17/01/2020,1.1093
21/01/2020,1.1096
22/01/2020,1.1085
23/01/2020,1.1041
24/01/2020,1.1026
27/01/2020,1.1019
28/01/2020,1.1008
29/01/2020,1.1004
30/01/2020,1.1032
31/01/2020,1.1082
03/02/2020,1.1062
04/02/2020,1.1043
05/02/2020,1.1006
06/02/2020,1.0979
07/02/2020,1.095
10/02/2020,1.0916
11/02/2020,1.0917
12/02/2020,1.0893
13/02/2020,1.0848
14/02/2020,1.0839
18/02/2020,1.0815
19/02/2020,1.0794
20/02/2020,1.0797
21/02/2020,1.0855
24/02/2020,1.0857
25/02/2020,1.0868
26/02/2020,1.0887
27/02/2020,1.0977
28/02/2020,1.1001
02/03/2020,1.1164
03/03/2020,1.1175
04/03/2020,1.113
05/03/2020,1.1202
06/03/2020,1.1319
09/03/2020,1.142
10/03/2020,1.1342
11/03/2020,1.128
12/03/2020,1.1081
13/03/2020,1.1066
16/03/2020,1.1139
17/03/2020,1.0971
18/03/2020,1.0833
19/03/2020,1.0699
20/03/2020,1.0682
23/03/2020,1.076
24/03/2020,1.0794
25/03/2020,1.0835
26/03/2020,1.1025
27/03/2020,1.1059
30/03/2020,1.1018
31/03/2020,1.1016
01/04/2020,1.0934
02/04/2020,1.0862
03/04/2020,1.0797
06/04/2020,1.0808
07/04/2020,1.0886
08/04/2020,1.0864
09/04/2020,1.0931
10/04/2020,1.0951
13/04/2020,1.0906
14/04/2020,1.0971
15/04/2020,1.0909
16/04/2020,1.084
17/04/2020,1.0883
20/04/2020,1.0874
21/04/2020,1.0854
22/04/2020,1.0829
23/04/2020,1.0815
24/04/2020,1.0798
27/04/2020,1.0829
28/04/2020,1.0836
29/04/2020,1.0853
30/04/2020,1.0934
01/05/2020,1.0998
04/05/2020,1.0911
05/05/2020,1.0844
06/05/2020,1.0806
07/05/2020,1.0815
08/05/2020,1.0854
11/05/2020,1.0818
12/05/2020,1.0864
13/05/2020,1.0837
14/05/2020,1.08
15/05/2020,1.0816
18/05/2020,1.0904
19/05/2020,1.0937
20/05/2020,1.098
21/05/2020,1.0953
22/05/2020,1.0894
26/05/2020,1.097
27/05/2020,1.0969
28/05/2020,1.1069
29/05/2020,1.1107
01/06/2020,1.1123
02/06/2020,1.1166
03/06/2020,1.1246
04/06/2020,1.1322
05/06/2020,1.1297
08/06/2020,1.1293
09/06/2020,1.1348
10/06/2020,1.1355
11/06/2020,1.1378
12/06/2020,1.1253
15/06/2020,1.127
16/06/2020,1.1259
17/06/2020,1.1219
18/06/2020,1.1216
19/06/2020,1.1189
22/06/2020,1.126
23/06/2020,1.1322
24/06/2020,1.1272
25/06/2020,1.1221
26/06/2020,1.1215
29/06/2020,1.1237
30/06/2020,1.1237
01/07/2020,1.1259
02/07/2020,1.1237
06/07/2020,1.1307
07/07/2020,1.1299
08/07/2020,1.1329
09/07/2020,1.1298
10/07/2020,1.1318
13/07/2020,1.1364
14/07/2020,1.1406
15/07/2020,1.1406
16/07/2020,1.1433
17/07/2020,1.1438
20/07/2020,1.1442
21/07/2020,1.1495
22/07/2020,1.1587
23/07/2020,1.1623
24/07/2020,1.1635
27/07/2020,1.175
28/07/2020,1.1733
29/07/2020,1.177
30/07/2020,1.1791
31/07/2020,1.1822
03/08/2020,1.175
04/08/2020,1.1766
05/08/2020,1.1898
06/08/2020,1.1856
07/08/2020,1.1776
10/08/2020,1.1756
11/08/2020,1.1764
12/08/2020,1.1796
13/08/2020,1.1818
14/08/2020,1.1833
17/08/2020,1.1869
18/08/2020,1.1928
19/08/2020,1.1898
20/08/2020,1.1862
21/08/2020,1.1775
24/08/2020,1.1803
25/08/2020,1.1818
26/08/2020,1.1813
27/08/2020,1.1824
28/08/2020,1.1901
31/08/2020,1.195
01/09/2020,1.1949
02/09/2020,1.184
03/09/2020,1.1832
04/09/2020,1.182
08/09/2020,1.1789
09/09/2020,1.181
10/09/2020,1.188
11/09/2020,1.1831
14/09/2020,1.1874
15/09/2020,1.1846
16/09/2020,1.1835
17/09/2020,1.1823
18/09/2020,1.1857
21/09/2020,1.1737
22/09/2020,1.1703
23/09/2020,1.1677
24/09/2020,1.1666
25/09/2020,1.1618
28/09/2020,1.166
29/09/2020,1.1717
30/09/2020,1.1723
01/10/2020,1.1752
02/10/2020,1.1706
